"Time [s]"	"Engine RPM"	"Vehicle Speed"	"Timing Advance (Cyl. #1)"	"Absolute Throttle Position"	"Time Since Engine Start"	"Commanded Equivalence Ratio"	
    2021-05-28 18:22:42.168	0.0	0.0	0.0	16.86274528503418	0.0	93.7774658203125	
    2021-05-28 18:22:55.246	0.0	0.0	11.0	15.686274528503418	0.0	93.7652587890625	
    2021-05-28 18:22:55.773	608.0	0.0	8.0	17.647058486938477	0.0	93.88427734375	
    2021-05-28 18:22:56.314	1199.5	0.0	-5.0	17.254901885986328	0.0	94.00634765625	
    2021-05-28 18:22:56.885	1259.75	0.0	-6.0	16.86274528503418	2.7777778450399637E-4	94.1558837890625	
    2021-05-28 18:22:57.424	1162.5	0.0	-6.0	16.86274528503418	2.7777778450399637E-4	94.43359375	
    2021-05-28 18:22:57.994	1100.75	0.0	0.5	16.078432083129883	5.555555690079927E-4	95.465087890625	
    2021-05-28 18:22:58.591	1053.0	0.0	10.0	16.47058868408203	5.555555690079927E-4	96.3226318359375	
    2021-05-28 18:22:59.135	1069.25	0.0	5.5	17.254901885986328	8.333333535119891E-4	97.357177734375	
    2021-05-28 18:22:59.706	1084.0	0.0	5.0	17.647058486938477	8.333333535119891E-4	98.3856201171875	
    2021-05-28 18:23:00.245	1103.25	0.0	3.5	18.431371688842773	0.0011111111380159855	99.237060546875	
    2021-05-28 18:23:00.873	1109.75	0.0	4.0	19.215686798095703	0.0013888889225199819	99.4873046875	
    2021-05-28 18:23:01.415	1108.0	0.0	0.5	19.215686798095703	0.0013888889225199819	99.5513916015625	
    2021-05-28 18:23:01.952	1159.5	0.0	-2.5	19.215686798095703	0.0016666667070239782	99.62158203125	
    2021-05-28 18:23:02.585	1126.25	0.0	-0.5	19.215686798095703	0.0016666667070239782	99.62158203125	
    2021-05-28 18:23:03.335	1109.25	0.0	-0.5	18.431371688842773	0.0016666667070239782	99.62158203125	
    2021-05-28 18:23:03.964	1090.5	0.0	1.0	18.431371688842773	0.002222222276031971	99.8504638671875	
    2021-05-28 18:23:04.514	1076.25	0.0	2.5	18.431371688842773	0.002222222276031971	99.9053955078125	
    2021-05-28 18:23:05.013	1080.75	0.0	2.0	18.431371688842773	0.0024999999441206455	99.96337890625	
    2021-05-28 18:23:05.581	1076.0	0.0	2.5	18.039215087890625	0.0024999999441206455	100.0	
    2021-05-28 18:23:06.121	1071.75	0.0	3.0	18.039215087890625	0.0027777778450399637	100.0	
    2021-05-28 18:23:06.694	1063.75	0.0	4.0	18.039215087890625	0.0027777778450399637	100.0	
    2021-05-28 18:23:07.265	1059.25	0.0	4.5	18.039215087890625	0.0030555555131286383	100.0	
    2021-05-28 18:23:07.926	1072.0	0.0	4.5	18.039215087890625	0.0033333334140479565	100.0	
    2021-05-28 18:23:08.704	1079.0	0.0	4.0	18.039215087890625	0.0033333334140479565	100.0	
    2021-05-28 18:23:09.274	1070.75	0.0	3.5	18.039215087890625	0.003611111082136631	99.5513916015625	
    2021-05-28 18:23:09.814	1065.0	0.0	4.0	18.039215087890625	0.003888888983055949	98.822021484375	
    2021-05-28 18:23:10.353	1067.5	0.0	3.0	18.039215087890625	0.003888888983055949	98.0926513671875	
    2021-05-28 18:23:10.894	1068.5	0.0	3.5	18.039215087890625	0.004166666883975267	97.369384765625	
    2021-05-28 18:23:11.434	1072.25	0.0	3.0	18.039215087890625	0.004166666883975267	96.64306640625	
    2021-05-28 18:23:11.975	1070.0	0.0	3.5	18.039215087890625	0.004444444552063942	95.9228515625	
    2021-05-28 18:23:12.513	1071.75	0.0	4.0	17.647058486938477	0.004444444552063942	95.1995849609375	
    2021-05-28 18:23:13.053	1073.25	0.0	3.5	18.039215087890625	0.0047222222201526165	94.4793701171875	
    2021-05-28 18:23:13.593	1078.5	0.0	3.0	18.039215087890625	0.0047222222201526165	93.8629150390625	
    2021-05-28 18:23:14.134	1077.5	0.0	2.5	18.039215087890625	0.004999999888241291	96.624755859375	
    2021-05-28 18:23:14.675	1068.5	0.0	3.5	17.647058486938477	0.004999999888241291	94.7967529296875	
    2021-05-28 18:23:15.213	1081.75	0.0	3.5	17.647058486938477	0.005277777556329966	93.9453125	
    2021-05-28 18:23:15.754	1074.5	0.0	3.5	17.647058486938477	0.0055555556900799274	96.42333984375	
    2021-05-28 18:23:16.295	1066.75	0.0	5.0	17.647058486938477	0.0055555556900799274	97.1405029296875	
    2021-05-28 18:23:16.833	1057.25	0.0	6.5	17.647058486938477	0.005833333358168602	94.9951171875	
    2021-05-28 18:23:17.375	1074.75	0.0	3.5	18.039215087890625	0.005833333358168602	94.317626953125	
    2021-05-28 18:23:17.919	1080.25	0.0	3.0	18.039215087890625	0.0061111110262572765	96.9818115234375	
    2021-05-28 18:23:18.453	1078.5	0.0	2.5	18.039215087890625	0.0061111110262572765	95.2362060546875	
    2021-05-28 18:23:18.993	1084.5	0.0	2.0	18.039215087890625	0.006388888694345951	94.43359375	
    2021-05-28 18:23:19.537	1077.75	0.0	2.0	18.039215087890625	0.006388888694345951	96.9818115234375	
    2021-05-28 18:23:20.073	1061.25	0.0	3.0	17.647058486938477	0.006666666828095913	95.074462890625	
    2021-05-28 18:23:20.616	1061.75	0.0	1.5	17.647058486938477	0.006666666828095913	94.317626953125	
    2021-05-28 18:23:21.156	1073.0	0.0	3.5	18.039215087890625	0.0069444444961845875	97.1038818359375	
    2021-05-28 18:23:21.694	1209.75	0.0	-1.5	18.431371688842773	0.0069444444961845875	95.7000732421875	
    2021-05-28 18:23:22.234	1195.0	0.0	0.5	18.431371688842773	0.007222222164273262	94.6441650390625	
    2021-05-28 18:23:22.773	1201.5	0.0	0.0	18.431371688842773	0.007499999832361937	93.438720703125	
    2021-05-28 18:23:23.314	1204.0	0.0	1.5	18.039215087890625	0.007499999832361937	96.5576171875	
    2021-05-28 18:23:23.854	1073.5	0.0	20.5	18.823530197143555	0.007777777966111898	93.524169921875	
    2021-05-28 18:23:24.395	1005.0	1.0	18.0	18.823530197143555	0.007777777966111898	97.7386474609375	
    2021-05-28 18:23:24.935	1125.0	2.0	3.5	18.823530197143555	0.008055555634200573	99.2034912109375	
    2021-05-28 18:23:25.475	1170.25	2.0	4.5	18.823530197143555	0.008055555634200573	95.30029296875	
    2021-05-28 18:23:26.015	1162.75	3.0	3.5	18.823530197143555	0.008333333767950535	93.8934326171875	
    2021-05-28 18:23:26.555	1179.75	3.0	2.5	18.823530197143555	0.008333333767950535	92.83447265625	
    2021-05-28 18:23:27.095	1177.5	3.0	4.5	18.823530197143555	0.008611110970377922	94.6502685546875	
    2021-05-28 18:23:27.635	1166.75	4.0	5.0	18.823530197143555	0.008611110970377922	93.3563232421875	
    2021-05-28 18:23:28.172	1175.25	4.0	5.0	18.823530197143555	0.008888889104127884	96.0174560546875	
    2021-05-28 18:23:28.714	1180.25	4.0	2.5	18.823530197143555	0.009166666306555271	94.43359375	
    2021-05-28 18:23:29.254	1191.0	3.0	-0.5	18.823530197143555	0.009166666306555271	92.919921875	
    2021-05-28 18:23:29.763	1240.25	1.0	-5.5	18.823530197143555	0.009444444440305233	97.0428466796875	
    2021-05-28 18:23:30.305	1233.0	0.0	-3.5	18.823530197143555	0.009444444440305233	98.33984375	
    2021-05-28 18:23:31.383	1228.5	0.0	-3.5	18.823530197143555	0.009722222574055195	97.906494140625	
    2021-05-28 18:23:31.925	1241.0	0.0	-5.0	18.823530197143555	0.009999999776482582	99.2950439453125	
    2021-05-28 18:23:32.463	1230.0	0.0	-3.5	18.823530197143555	0.009999999776482582	97.3785400390625	
    2021-05-28 18:23:33.005	1188.75	0.0	5.5	18.431371688842773	0.010277777910232544	96.1151123046875	
    2021-05-28 18:23:33.544	1143.0	0.0	8.0	20.39215660095215	0.010277777910232544	98.8067626953125	
    2021-05-28 18:23:34.083	1361.25	1.0	4.0	21.568628311157227	0.010555555112659931	100.5218505859375	
    2021-05-28 18:23:34.624	1308.75	3.0	11.5	21.176469802856445	0.010555555112659931	97.1405029296875	
    2021-05-28 18:23:35.170	1276.25	5.0	6.5	20.0	0.010833333246409893	101.3031005859375	
    2021-05-28 18:23:35.705	1132.25	7.0	26.0	18.823530197143555	0.010833333246409893	102.86865234375	
    2021-05-28 18:23:36.244	1344.5	8.0	32.5	17.254901885986328	0.011111111380159855	100.689697265625	
    2021-05-28 18:23:36.783	1477.25	9.0	11.0	16.47058868408203	0.011388888582587242	100.030517578125	
    2021-05-28 18:23:37.324	1525.25	9.0	40.0	16.078432083129883	0.011388888582587242	99.505615234375	
    2021-05-28 18:23:37.863	1510.5	9.0	41.5	16.078432083129883	0.011666666716337204	98.9959716796875	
    2021-05-28 18:23:38.402	1503.0	9.0	39.0	16.47058868408203	0.011666666716337204	98.4954833984375	
    2021-05-28 18:23:38.944	1488.0	9.0	20.0	16.86274528503418	0.011944444850087166	97.991943359375	
    2021-05-28 18:23:39.484	1477.25	9.0	17.5	17.254901885986328	0.011944444850087166	96.9146728515625	
    2021-05-28 18:23:40.023	1474.0	9.0	15.5	17.647058486938477	0.012222222052514553	99.578857421875	
    2021-05-28 18:23:40.565	1465.75	9.0	9.0	18.039215087890625	0.012222222052514553	100.2288818359375	
    2021-05-28 18:23:41.105	1502.0	9.0	34.5	18.039215087890625	0.012500000186264515	100.9063720703125	
    2021-05-28 18:23:41.644	1497.25	9.0	14.5	18.039215087890625	0.012500000186264515	99.5849609375	
    2021-05-28 18:23:42.184	1518.75	9.0	34.5	18.431371688842773	0.012777777388691902	98.858642578125	
    2021-05-28 18:23:42.723	1538.5	9.0	17.5	18.431371688842773	0.013055555522441864	98.101806640625	
    2021-05-28 18:23:43.263	1566.75	9.0	27.5	18.431371688842773	0.013055555522441864	96.7498779296875	
    2021-05-28 18:23:43.803	1598.0	10.0	18.5	18.823530197143555	0.013333333656191826	99.334716796875	
    2021-05-28 18:23:44.343	1637.75	10.0	26.5	18.431371688842773	0.013333333656191826	100.152587890625	
    2021-05-28 18:23:44.885	1619.0	10.0	-2.0	23.13725471496582	0.013611110858619213	98.44970703125	
    2021-05-28 18:23:45.425	1648.0	10.0	-5.5	18.039215087890625	0.013611110858619213	101.348876953125	
    2021-05-28 18:23:45.964	1397.25	9.0	2.0	17.647058486938477	0.013888888992369175	99.017333984375	
    2021-05-28 18:23:46.506	1288.0	9.0	4.5	20.39215660095215	0.013888888992369175	99.017333984375	
    2021-05-28 18:23:47.043	1338.0	9.0	20.0	21.960784912109375	0.014166667126119137	102.8106689453125	
    2021-05-28 18:23:47.584	1327.5	10.0	20.5	24.3137264251709	0.014166667126119137	104.69970703125	
    2021-05-28 18:23:48.123	1078.25	12.0	19.0	24.3137264251709	0.014444444328546524	103.277587890625	
    2021-05-28 18:23:48.662	1293.5	14.0	17.0	33.72549057006836	0.014444444328546524	104.7821044921875	
    2021-05-28 18:23:49.204	1460.75	16.0	13.0	25.098039627075195	0.014722222462296486	107.513427734375	
    2021-05-28 18:23:49.744	1623.0	18.0	17.0	20.0	0.014999999664723873	102.5390625	
    2021-05-28 18:23:50.283	1740.0	18.0	24.5	18.823530197143555	0.014999999664723873	101.33056640625	
    2021-05-28 18:23:51.033	1683.0	19.0	-5.5	16.47058868408203	0.015277777798473835	102.16064453125	
    2021-05-28 18:23:51.575	1667.75	18.0	17.5	16.47058868408203	0.015277777798473835	104.998779296875	
    2021-05-28 18:23:52.113	1572.5	17.0	7.5	16.078432083129883	0.015555555932223797	104.998779296875	
    2021-05-28 18:23:52.656	1346.75	14.0	40.0	16.86274528503418	0.015833333134651184	100.0	
    2021-05-28 18:23:53.193	1040.5	12.0	2.0	17.647058486938477	0.015833333134651184	100.0	
    2021-05-28 18:23:53.744	1026.5	11.0	18.5	18.823530197143555	0.016111111268401146	100.8575439453125	
    2021-05-28 18:23:54.274	1024.75	11.0	2.0	22.745098114013672	0.016111111268401146	102.435302734375	
    2021-05-28 18:23:54.813	1165.5	12.0	2.0	32.54901885986328	0.016388889402151108	104.376220703125	
    2021-05-28 18:23:55.354	1282.25	14.0	14.5	35.686275482177734	0.016388889402151108	100.8544921875	
    2021-05-28 18:23:56.016	1493.75	17.0	8.0	39.60784149169922	0.01666666753590107	107.06787109375	
    2021-05-28 18:23:56.735	1643.75	17.0	10.0	74.90196228027344	0.016944443807005882	103.7506103515625	
    2021-05-28 18:23:57.273	1622.75	17.0	11.5	74.90196228027344	0.016944443807005882	100.640869140625	
    2021-05-28 18:23:57.814	1566.25	17.0	12.0	75.29412078857422	0.017222221940755844	97.5311279296875	
    2021-05-28 18:23:58.353	1562.75	17.0	11.5	70.5882339477539	0.017222221940755844	102.044677734375	
    2021-05-28 18:23:59.044	1549.0	17.0	12.0	44.70588302612305	0.017500000074505806	100.3326416015625	
    2021-05-28 18:23:59.793	1511.0	16.0	18.0	22.352941513061523	0.017777778208255768	104.0496826171875	
    2021-05-28 18:24:00.336	1370.0	14.0	3.0	20.39215660095215	0.017777778208255768	99.6368408203125	
    2021-05-28 18:24:00.874	1237.75	13.0	16.5	20.0	0.01805555634200573	97.7874755859375	
    2021-05-28 18:24:01.425	1165.0	11.0	-12.0	17.254901885986328	0.01805555634200573	102.1484375	
    2021-05-28 18:24:01.954	1094.75	9.0	1.0	17.647058486938477	0.018333332613110542	99.139404296875	
    2021-05-28 18:24:02.493	1057.5	9.0	-2.0	16.86274528503418	0.018333332613110542	97.9156494140625	
    2021-05-28 18:24:03.039	1070.75	7.0	0.0	16.86274528503418	0.018611110746860504	97.9156494140625	
    2021-05-28 18:24:03.575	1072.75	6.0	-2.5	16.078432083129883	0.018611110746860504	98.492431640625	
    2021-05-28 18:24:04.173	1010.0	5.0	6.0	15.686274528503418	0.018888888880610466	97.784423828125	
    2021-05-28 18:24:04.924	1044.0	2.0	6.0	17.254901885986328	0.019166667014360428	97.137451171875	
    2021-05-28 18:24:05.494	1193.0	1.0	1.0	16.86274528503418	0.019166667014360428	98.577880859375	
    2021-05-28 18:24:06.032	1172.75	1.0	5.5	16.86274528503418	0.01944444514811039	98.0438232421875	
    2021-05-28 18:24:06.575	1170.25	2.0	3.5	17.254901885986328	0.01944444514811039	97.4334716796875	
    2021-05-28 18:24:07.113	1195.5	1.0	1.5	17.254901885986328	0.019722221419215202	96.8017578125	
    2021-05-28 18:24:07.653	1181.25	0.0	1.5	17.254901885986328	0.019722221419215202	96.1456298828125	
    2021-05-28 18:24:08.195	1194.0	0.0	0.5	17.254901885986328	0.019999999552965164	95.4742431640625	
    2021-05-28 18:24:08.702	1190.75	0.0	1.0	17.254901885986328	0.019999999552965164	94.4915771484375	
    2021-05-28 18:24:09.247	1197.5	0.0	2.0	17.647058486938477	0.020277777686715126	96.905517578125	
    2021-05-28 18:24:09.783	1214.5	0.0	0.0	18.431371688842773	0.020555555820465088	97.802734375	
    2021-05-28 18:24:10.324	1222.25	0.0	-3.0	18.431371688842773	0.020555555820465088	98.8677978515625	
    2021-05-28 18:24:10.863	1225.75	0.0	-3.5	18.431371688842773	0.02083333395421505	97.0977783203125	
    2021-05-28 18:24:11.404	1221.75	0.0	0.0	18.039215087890625	0.02083333395421505	96.03271484375	
    2021-05-28 18:24:11.944	1201.75	0.0	0.5	17.647058486938477	0.021111110225319862	95.54443359375	
    2021-05-28 18:24:12.483	1142.25	0.0	-1.0	18.431371688842773	0.021111110225319862	94.2840576171875	
    2021-05-28 18:24:13.022	1240.25	0.0	-5.5	18.431371688842773	0.021388888359069824	98.0316162109375	
    2021-05-28 18:24:13.563	1455.0	0.0	-7.5	19.60784339904785	0.021388888359069824	99.755859375	
    2021-05-28 18:24:14.103	1592.75	1.0	12.5	20.39215660095215	0.021666666492819786	97.5982666015625	
    2021-05-28 18:24:14.643	1797.75	0.0	13.0	20.784313201904297	0.021666666492819786	100.3082275390625	
    2021-05-28 18:24:15.184	1991.5	0.0	18.5	20.784313201904297	0.021944444626569748	98.3856201171875	
    2021-05-28 18:24:15.724	1495.75	1.0	21.0	21.568628311157227	0.02222222276031971	101.1016845703125	
    2021-05-28 18:24:16.262	1185.75	2.0	18.5	21.960784912109375	0.02222222276031971	102.77099609375	
    2021-05-28 18:24:16.803	1105.5	2.0	14.5	20.784313201904297	0.02250000089406967	104.5654296875	
    2021-05-28 18:24:17.343	1384.5	3.0	-3.0	18.823530197143555	0.02250000089406967	102.4627685546875	
    2021-05-28 18:24:17.883	1419.0	3.0	-11.0	18.039215087890625	0.022777777165174484	100.970458984375	
    2021-05-28 18:24:18.425	1257.25	5.0	-5.0	19.215686798095703	0.022777777165174484	99.676513671875	
    2021-05-28 18:24:18.963	1347.5	7.0	19.0	18.431371688842773	0.023055555298924446	100.634765625	
    2021-05-28 18:24:19.503	1503.0	9.0	34.5	17.647058486938477	0.023055555298924446	99.7528076171875	
    2021-05-28 18:24:20.043	1605.0	10.0	36.5	18.039215087890625	0.023333333432674408	99.4476318359375	
    2021-05-28 18:24:20.583	1776.0	11.0	37.0	18.431371688842773	0.023333333432674408	98.6602783203125	
    2021-05-28 18:24:21.122	2002.75	12.0	37.5	18.039215087890625	0.02361111156642437	97.30224609375	
    2021-05-28 18:24:21.664	1984.5	13.0	3.0	16.86274528503418	0.02361111156642437	98.3367919921875	
    2021-05-28 18:24:22.204	2132.25	13.0	10.5	17.254901885986328	0.02388888970017433	104.998779296875	
    2021-05-28 18:24:22.744	2133.75	13.0	9.5	17.254901885986328	0.024166665971279144	89.9993896484375	
    2021-05-28 18:24:23.283	2086.75	13.0	22.5	18.431371688842773	0.024166665971279144	89.9993896484375	
    2021-05-28 18:24:23.823	1939.25	13.0	3.0	18.039215087890625	0.024444444105029106	89.9993896484375	
    2021-05-28 18:24:24.363	1772.0	14.0	1.5	17.254901885986328	0.024444444105029106	89.9993896484375	
    2021-05-28 18:24:24.904	1550.75	15.0	8.5	16.86274528503418	0.024722222238779068	92.5384521484375	
    2021-05-28 18:24:25.443	1405.5	15.0	14.5	17.647058486938477	0.024722222238779068	98.9990234375	
    2021-05-28 18:24:25.986	1274.5	15.0	3.5	17.254901885986328	0.02500000037252903	97.906494140625	
    2021-05-28 18:24:26.524	1206.75	16.0	5.5	17.254901885986328	0.02500000037252903	100.2960205078125	
    2021-05-28 18:24:27.062	1149.0	15.0	6.5	17.254901885986328	0.02527777850627899	99.0570068359375	
    2021-05-28 18:24:27.603	1099.25	13.0	4.0	17.254901885986328	0.02527777850627899	98.2513427734375	
    2021-05-28 18:24:28.143	1062.5	12.0	6.0	17.647058486938477	0.025555554777383804	97.71728515625	
    2021-05-28 18:24:28.682	1070.0	12.0	3.0	17.647058486938477	0.025555554777383804	100.5340576171875	
    2021-05-28 18:24:29.226	1071.25	11.0	4.0	18.039215087890625	0.025833332911133766	98.187255859375	
    2021-05-28 18:24:29.763	1072.75	11.0	1.5	17.647058486938477	0.026111111044883728	97.2198486328125	
    2021-05-28 18:24:30.304	1105.75	10.0	2.5	18.039215087890625	0.026111111044883728	98.6846923828125	
    2021-05-28 18:24:30.845	1158.0	11.0	1.5	18.039215087890625	0.02638888917863369	97.821044921875	
    2021-05-28 18:24:31.383	1133.25	11.0	2.0	17.647058486938477	0.02638888917863369	96.844482421875	
    2021-05-28 18:24:31.925	1104.5	10.0	1.0	17.647058486938477	0.02666666731238365	95.7489013671875	
    2021-05-28 18:24:32.464	1076.5	9.0	1.0	18.039215087890625	0.02666666731238365	98.59619140625	
    2021-05-28 18:24:33.005	1111.0	10.0	15.0	20.0	0.026944443583488464	100.201416015625	
    2021-05-28 18:24:33.573	1577.25	11.0	11.5	20.39215660095215	0.026944443583488464	97.35107421875	
    2021-05-28 18:24:34.113	1437.5	13.0	26.0	21.176469802856445	0.027222221717238426	95.73974609375	
    2021-05-28 18:24:34.653	1372.5	15.0	26.5	19.60784339904785	0.027499999850988388	99.0875244140625	
    2021-05-28 18:24:35.193	1469.25	16.0	32.5	22.745098114013672	0.027499999850988388	96.05712890625	
    2021-05-28 18:24:35.735	1607.75	18.0	28.0	21.568628311157227	0.02777777798473835	99.383544921875	
    2021-05-28 18:24:36.273	1772.5	19.0	11.5	20.0	0.02777777798473835	95.3521728515625	
    2021-05-28 18:24:36.815	1906.0	21.0	3.5	19.60784339904785	0.028055556118488312	98.4344482421875	
    2021-05-28 18:24:37.356	2005.75	22.0	1.5	17.647058486938477	0.028055556118488312	96.3592529296875	
    2021-05-28 18:24:37.893	2069.0	23.0	11.5	16.86274528503418	0.028333334252238274	95.5291748046875	
    2021-05-28 18:24:38.436	2011.75	22.0	9.0	16.47058868408203	0.028333334252238274	104.998779296875	
    2021-05-28 18:24:39.213	1816.5	19.0	10.0	16.47058868408203	0.028611110523343086	89.9993896484375	
    2021-05-28 18:24:39.876	1467.5	16.0	4.0	16.47058868408203	0.028888888657093048	89.9993896484375	
    2021-05-28 18:24:40.412	1314.0	14.0	9.0	17.254901885986328	0.028888888657093048	89.9993896484375	
    2021-05-28 18:24:40.955	1525.0	16.0	-2.5	23.13725471496582	0.02916666679084301	89.9993896484375	
    2021-05-28 18:24:41.495	1535.0	17.0	2.0	21.176469802856445	0.02916666679084301	89.9993896484375	
    2021-05-28 18:24:42.033	1751.5	19.0	1.5	20.39215660095215	0.029444444924592972	89.9993896484375	
    2021-05-28 18:24:42.574	1838.5	20.0	9.0	20.0	0.029444444924592972	98.162841796875	
    2021-05-28 18:24:43.113	1877.5	21.0	-1.5	19.215686798095703	0.029722223058342934	97.186279296875	
    2021-05-28 18:24:43.667	1879.5	20.0	32.5	18.039215087890625	0.029999999329447746	95.2362060546875	
    2021-05-28 18:24:44.343	1722.75	18.0	37.5	16.078432083129883	0.029999999329447746	97.86376953125	
    2021-05-28 18:24:45.125	1310.25	13.0	24.5	18.431371688842773	0.030277777463197708	99.08447265625	
    2021-05-28 18:24:45.665	1247.25	13.0	15.0	25.490196228027344	0.030277777463197708	100.93994140625	
    2021-05-28 18:24:46.203	1311.25	14.0	12.0	35.686275482177734	0.03055555559694767	103.33251953125	
    2021-05-28 18:24:46.744	1460.75	16.0	7.0	38.039215087890625	0.030833333730697632	102.935791015625	
    2021-05-28 18:24:47.284	1464.75	16.0	6.5	74.90196228027344	0.030833333730697632	100.30517578125	
    2021-05-28 18:24:47.825	1520.0	16.0	9.0	74.90196228027344	0.031111111864447594	89.9993896484375	
    2021-05-28 18:24:48.364	1507.0	16.0	10.5	74.90196228027344	0.031111111864447594	89.9993896484375	
    2021-05-28 18:24:48.903	1526.75	17.0	11.5	74.90196228027344	0.031388889998197556	89.9993896484375	
    2021-05-28 18:24:49.444	1556.75	17.0	12.0	74.90196228027344	0.031388889998197556	89.9993896484375	
    2021-05-28 18:24:49.984	1560.25	17.0	12.0	74.90196228027344	0.03166666626930237	89.9993896484375	
    2021-05-28 18:24:50.523	1619.75	18.0	13.0	74.90196228027344	0.03166666626930237	89.9993896484375	
    2021-05-28 18:24:51.063	1698.0	19.0	13.0	75.29412078857422	0.03194444626569748	90.557861328125	
    2021-05-28 18:24:51.603	1781.25	19.0	11.5	74.90196228027344	0.03194444626569748	100.72021484375	
    2021-05-28 18:24:52.145	1857.5	21.0	11.5	74.90196228027344	0.03222222253680229	104.13818359375	
    2021-05-28 18:24:52.685	1966.25	22.0	14.0	74.90196228027344	0.032499998807907104	101.7913818359375	
    2021-05-28 18:24:53.223	2070.75	23.0	15.0	74.90196228027344	0.032499998807907104	97.998046875	
    2021-05-28 18:24:53.763	2169.5	24.0	15.5	49.80392074584961	0.032777778804302216	99.23095703125	
    2021-05-28 18:24:54.303	2308.25	25.0	16.0	49.80392074584961	0.032777778804302216	99.237060546875	
    2021-05-28 18:24:54.845	2437.25	27.0	16.5	50.588233947753906	0.03305555507540703	100.091552734375	
    2021-05-28 18:24:55.383	2530.0	28.0	16.5	51.3725471496582	0.03305555507540703	96.728515625	
    2021-05-28 18:24:55.923	2663.75	29.0	-12.0	18.823530197143555	0.03333333507180214	89.9993896484375	
    2021-05-28 18:24:56.466	2143.5	28.0	0.5	45.09803771972656	0.03333333507180214	89.9993896484375	
    2021-05-28 18:24:57.005	1707.75	28.0	-7.0	75.29412078857422	0.03361111134290695	89.9993896484375	
    2021-05-28 18:24:57.543	1645.5	28.0	11.5	74.90196228027344	0.03361111134290695	91.265869140625	
    2021-05-28 18:24:58.082	1646.25	28.0	11.5	74.90196228027344	0.033888887614011765	96.69189453125	
    2021-05-28 18:24:58.623	1679.5	29.0	10.5	74.90196228027344	0.034166667610406876	100.06103515625	
    2021-05-28 18:24:59.166	1670.5	29.0	11.0	75.29412078857422	0.034166667610406876	95.501708984375	
    2021-05-28 18:24:59.705	1716.25	29.0	11.0	74.90196228027344	0.034166667610406876	101.6937255859375	
    2021-05-28 18:25:00.244	1714.25	29.0	11.5	75.29412078857422	0.03444444388151169	100.6134033203125	
    2021-05-28 18:25:00.784	1732.0	30.0	11.5	75.29412078857422	0.0347222238779068	99.03564453125	
    2021-05-28 18:25:01.325	1762.75	30.0	11.5	74.90196228027344	0.0347222238779068	103.9093017578125	
    2021-05-28 18:25:01.862	1779.5	31.0	12.0	74.90196228027344	0.03500000014901161	100.8056640625	
    2021-05-28 18:25:02.403	1798.0	31.0	12.0	74.90196228027344	0.03500000014901161	102.7069091796875	
    2021-05-28 18:25:02.941	1811.25	31.0	13.0	75.29412078857422	0.035277776420116425	106.8817138671875	
    2021-05-28 18:25:03.485	1823.75	31.0	13.0	74.50980377197266	0.035277776420116425	105.950927734375	
    2021-05-28 18:25:04.023	1820.0	31.0	14.5	44.70588302612305	0.035555556416511536	102.8961181640625	
    2021-05-28 18:25:04.562	1839.25	32.0	15.0	43.52941131591797	0.035555556416511536	103.0853271484375	
    2021-05-28 18:25:05.104	1849.25	32.0	15.0	33.33333206176758	0.03583333268761635	105.3741455078125	
    2021-05-28 18:25:05.643	1840.5	32.0	27.0	24.3137264251709	0.03583333268761635	103.57666015625	
    2021-05-28 18:25:06.183	1799.25	31.0	27.5	35.29411697387695	0.03611111268401146	101.422119140625	
    2021-05-28 18:25:06.724	1776.0	31.0	14.5	41.17647171020508	0.03638888895511627	100.6500244140625	
    2021-05-28 18:25:07.262	1801.5	31.0	13.0	41.17647171020508	0.03638888895511627	100.653076171875	
    2021-05-28 18:25:07.803	1811.75	31.0	10.5	42.35293960571289	0.036666665226221085	101.9073486328125	
    2021-05-28 18:25:08.345	1832.5	31.0	11.0	44.70588302612305	0.036666665226221085	102.655029296875	
    2021-05-28 18:25:08.882	1849.75	32.0	11.0	45.09803771972656	0.036944445222616196	106.024169921875	
    2021-05-28 18:25:09.423	1866.75	32.0	12.0	45.490196228027344	0.036944445222616196	104.9041748046875	
    2021-05-28 18:25:09.963	1906.25	33.0	12.5	45.490196228027344	0.03722222149372101	104.5318603515625	
    2021-05-28 18:25:10.504	1949.25	33.0	13.0	45.490196228027344	0.03722222149372101	103.759765625	
    2021-05-28 18:25:11.042	1977.0	34.0	14.0	45.09803771972656	0.03750000149011612	103.179931640625	
    2021-05-28 18:25:11.584	1996.25	35.0	14.0	45.09803771972656	0.03750000149011612	99.859619140625	
    2021-05-28 18:25:12.158	2028.25	35.0	15.0	45.490196228027344	0.03777777776122093	99.6490478515625	
    2021-05-28 18:25:12.694	2069.5	36.0	15.0	45.490196228027344	0.03777777776122093	99.6337890625	
    2021-05-28 18:25:13.233	2099.25	36.0	15.0	45.882354736328125	0.038055554032325745	99.4140625	
    2021-05-28 18:25:13.774	2132.5	37.0	15.0	46.27450942993164	0.038333334028720856	98.9715576171875	
    2021-05-28 18:25:14.313	2177.5	37.0	15.5	45.882354736328125	0.038333334028720856	98.7945556640625	
    2021-05-28 18:25:14.854	2214.5	38.0	15.5	46.27450942993164	0.03861111029982567	98.1658935546875	
    2021-05-28 18:25:15.394	2259.25	39.0	16.0	46.66666793823242	0.03861111029982567	97.39990234375	
    2021-05-28 18:25:15.933	2292.75	40.0	6.0	18.039215087890625	0.03888889029622078	89.9993896484375	
    2021-05-28 18:25:16.473	2002.0	39.0	0.0	20.0	0.03888889029622078	89.9993896484375	
    2021-05-28 18:25:17.013	2118.75	39.0	17.0	37.25490188598633	0.03916666656732559	100.689697265625	
    2021-05-28 18:25:17.555	1638.5	39.0	8.0	42.74509811401367	0.03916666656732559	100.8270263671875	
    2021-05-28 18:25:18.095	1679.0	40.0	11.0	47.843135833740234	0.039444442838430405	95.4345703125	
    2021-05-28 18:25:18.632	1708.75	41.0	10.5	45.882354736328125	0.039444442838430405	101.59912109375	
    2021-05-28 18:25:19.172	1739.75	42.0	10.0	45.09803771972656	0.039722222834825516	104.9713134765625	
    2021-05-28 18:25:19.712	1787.25	43.0	10.5	44.70588302612305	0.03999999910593033	102.6641845703125	
    2021-05-28 18:25:20.254	1818.5	44.0	11.5	45.09803771972656	0.03999999910593033	103.0670166015625	
    2021-05-28 18:25:20.799	1861.5	45.0	13.0	44.70588302612305	0.04027777910232544	98.828125	
    2021-05-28 18:25:21.334	1902.5	46.0	13.5	41.17647171020508	0.04027777910232544	98.8128662109375	
    2021-05-28 18:25:21.872	1910.75	46.0	3.5	23.52941131591797	0.04055555537343025	104.302978515625	
    2021-05-28 18:25:22.419	1904.25	46.0	2.5	21.568628311157227	0.04055555537343025	106.62841796875	
    2021-05-28 18:25:22.953	1918.5	46.0	3.5	20.0	0.040833331644535065	102.1728515625	
    2021-05-28 18:25:23.493	1902.5	45.0	12.5	24.3137264251709	0.040833331644535065	103.3447265625	
    2021-05-28 18:25:24.033	1883.0	45.0	26.5	24.705883026123047	0.041111111640930176	104.06494140625	
    2021-05-28 18:25:24.576	1881.0	45.0	25.0	37.64706039428711	0.041111111640930176	103.7078857421875	
    2021-05-28 18:25:25.113	1912.5	46.0	17.0	40.0	0.04138888791203499	100.3082275390625	
    2021-05-28 18:25:25.657	1930.0	46.0	17.0	39.60784149169922	0.0416666679084301	96.8597412109375	
    2021-05-28 18:25:26.194	1973.0	47.0	17.5	36.86274337768555	0.0416666679084301	101.67236328125	
    2021-05-28 18:25:26.733	2004.5	48.0	3.5	23.13725471496582	0.04194444417953491	104.4952392578125	
    2021-05-28 18:25:27.274	2006.75	48.0	4.0	21.176469802856445	0.04194444417953491	106.8511962890625	
    2021-05-28 18:25:27.814	1999.5	48.0	3.5	19.60784339904785	0.042222220450639725	105.023193359375	
    2021-05-28 18:25:28.353	1995.0	47.0	0.0	18.039215087890625	0.042222220450639725	103.6346435546875	
    2021-05-28 18:25:28.892	1945.0	47.0	1.0	16.86274528503418	0.042500000447034836	105.438232421875	
    2021-05-28 18:25:29.432	1911.25	46.0	11.0	16.86274528503418	0.042500000447034836	103.521728515625	
    2021-05-28 18:25:29.972	1872.25	45.0	8.5	16.86274528503418	0.04277777671813965	104.998779296875	
    2021-05-28 18:25:30.516	1861.75	45.0	9.0	16.86274528503418	0.04277777671813965	89.9993896484375	
    2021-05-28 18:25:31.084	1865.5	45.0	6.5	16.86274528503418	0.04305555671453476	89.9993896484375	
    2021-05-28 18:25:31.623	1871.0	45.0	7.0	16.86274528503418	0.04305555671453476	89.9993896484375	
    2021-05-28 18:25:32.163	1852.75	44.0	7.0	16.86274528503418	0.04333333298563957	89.9993896484375	
    2021-05-28 18:25:32.702	1828.5	44.0	6.5	16.47058868408203	0.04333333298563957	89.9993896484375	
    2021-05-28 18:25:33.363	1792.25	43.0	7.0	16.47058868408203	0.043611109256744385	89.9993896484375	
    2021-05-28 18:25:34.082	1748.25	41.0	6.5	16.47058868408203	0.043888889253139496	89.9993896484375	
    2021-05-28 18:25:34.622	1654.75	39.0	6.0	16.078432083129883	0.043888889253139496	89.9993896484375	
    2021-05-28 18:25:35.163	1603.25	38.0	6.5	16.078432083129883	0.04416666552424431	89.9993896484375	
    2021-05-28 18:25:35.703	1544.5	37.0	6.5	16.078432083129883	0.04416666552424431	89.9993896484375	
    2021-05-28 18:25:36.244	1508.75	36.0	6.5	15.686274528503418	0.04444444552063942	89.9993896484375	
    2021-05-28 18:25:36.783	1475.0	35.0	6.5	15.686274528503418	0.04472222179174423	89.9993896484375	
    2021-05-28 18:25:37.323	1391.25	33.0	-8.5	16.078432083129883	0.04472222179174423	89.9993896484375	
    2021-05-28 18:25:37.863	1246.75	31.0	11.5	16.86274528503418	0.04500000178813934	89.9993896484375	
    2021-05-28 18:25:38.402	1172.5	29.0	6.0	16.86274528503418	0.04500000178813934	89.9993896484375	
    2021-05-28 18:25:38.943	1095.5	26.0	8.0	16.86274528503418	0.045277778059244156	89.9993896484375	
    2021-05-28 18:25:39.484	1015.25	24.0	8.5	16.86274528503418	0.045277778059244156	89.9993896484375	
    2021-05-28 18:25:40.025	967.25	22.0	5.0	16.86274528503418	0.04555555433034897	89.9993896484375	
    2021-05-28 18:25:40.563	937.25	19.0	6.0	16.86274528503418	0.04555555433034897	89.9993896484375	
    2021-05-28 18:25:41.103	910.0	16.0	9.0	16.86274528503418	0.04583333432674408	89.9993896484375	
    2021-05-28 18:25:41.644	916.5	13.0	3.5	16.86274528503418	0.04583333432674408	89.9993896484375	
    2021-05-28 18:25:42.182	911.0	12.0	3.0	16.078432083129883	0.04611111059784889	89.9993896484375	
    2021-05-28 18:25:42.722	1154.5	11.0	16.0	21.568628311157227	0.046388890594244	98.9990234375	
    2021-05-28 18:25:43.262	1247.75	14.0	17.5	24.3137264251709	0.046388890594244	101.7578125	
    2021-05-28 18:25:43.803	1371.5	15.0	-4.5	23.52941131591797	0.046666666865348816	98.6480712890625	
    2021-05-28 18:25:44.343	1604.25	17.0	32.0	22.352941513061523	0.046666666865348816	96.47216796875	
    2021-05-28 18:25:44.881	1686.25	19.0	-4.5	20.39215660095215	0.04694444313645363	97.088623046875	
    2021-05-28 18:25:45.423	1750.75	19.0	27.5	18.431371688842773	0.04694444313645363	95.9228515625	
    2021-05-28 18:25:45.964	1683.75	18.0	-4.0	16.078432083129883	0.04722222313284874	100.0	
    2021-05-28 18:25:46.503	1403.0	15.0	6.0	15.29411792755127	0.04722222313284874	100.0	
    2021-05-28 18:25:47.042	1293.25	13.0	7.0	17.254901885986328	0.04749999940395355	100.1434326171875	
    2021-05-28 18:25:47.582	1139.25	11.0	3.5	16.078432083129883	0.04749999940395355	100.6500244140625	
    2021-05-28 18:25:48.124	1050.25	9.0	8.0	16.078432083129883	0.04777777940034866	99.0386962890625	
    2021-05-28 18:25:48.663	966.75	8.0	4.5	16.47058868408203	0.04777777940034866	98.577880859375	
    2021-05-28 18:25:49.202	959.5	8.0	5.0	16.86274528503418	0.048055555671453476	100.8636474609375	
    2021-05-28 18:25:49.742	907.25	8.0	3.0	16.86274528503418	0.04833333194255829	101.40380859375	
    2021-05-28 18:25:50.283	924.25	9.0	4.0	16.86274528503418	0.04833333194255829	101.959228515625	
    2021-05-28 18:25:50.824	925.75	10.0	19.0	21.960784912109375	0.0486111119389534	98.4832763671875	
    2021-05-28 18:25:51.364	1460.5	12.0	-5.0	19.215686798095703	0.0486111119389534	100.1800537109375	
    2021-05-28 18:25:51.908	1568.25	14.0	13.0	18.431371688842773	0.04888888821005821	99.2095947265625	
    2021-05-28 18:25:52.442	1549.5	17.0	15.0	16.86274528503418	0.04888888821005821	98.583984375	
    2021-05-28 18:25:52.982	1737.5	20.0	-0.5	17.254901885986328	0.04916666820645332	97.9705810546875	
    2021-05-28 18:25:53.522	1524.5	24.0	0.0	16.47058868408203	0.04916666820645332	97.4456787109375	
    2021-05-28 18:25:54.066	1596.25	27.0	2.5	16.86274528503418	0.049444444477558136	96.8994140625	
    2021-05-28 18:25:54.604	1708.75	29.0	3.5	17.647058486938477	0.049444444477558136	104.998779296875	
    2021-05-28 18:25:55.143	1817.25	31.0	5.0	16.86274528503418	0.04972222074866295	89.9993896484375	
    2021-05-28 18:25:55.683	1838.0	31.0	5.5	16.86274528503418	0.05000000074505806	89.9993896484375	
    2021-05-28 18:25:56.223	1840.75	32.0	6.0	16.86274528503418	0.05000000074505806	89.9993896484375	
    2021-05-28 18:25:56.763	1801.75	31.0	7.0	16.86274528503418	0.05027777701616287	89.9993896484375	
    2021-05-28 18:25:57.302	1772.0	30.0	7.5	16.86274528503418	0.05027777701616287	89.9993896484375	
    2021-05-28 18:25:57.843	1755.5	30.0	7.0	16.86274528503418	0.05055555701255798	89.9993896484375	
    2021-05-28 18:25:58.383	1688.75	29.0	6.0	16.47058868408203	0.05055555701255798	89.9993896484375	
    2021-05-28 18:25:58.922	1662.75	28.0	6.5	16.47058868408203	0.050833333283662796	89.9993896484375	
    2021-05-28 18:25:59.464	1592.75	27.0	31.5	17.254901885986328	0.050833333283662796	89.9993896484375	
    2021-05-28 18:26:00.002	1515.75	27.0	29.0	18.039215087890625	0.05111110955476761	89.9993896484375	
    2021-05-28 18:26:00.542	1492.75	26.0	15.5	16.86274528503418	0.05111110955476761	89.9993896484375	
    2021-05-28 18:26:01.083	1456.5	25.0	18.5	17.254901885986328	0.05138888955116272	89.9993896484375	
    2021-05-28 18:26:01.623	1378.5	23.0	10.0	17.254901885986328	0.05138888955116272	89.9993896484375	
    2021-05-28 18:26:02.162	1240.5	20.0	13.5	16.86274528503418	0.05166666582226753	89.9993896484375	
    2021-05-28 18:26:02.702	1134.25	16.0	10.5	16.47058868408203	0.05166666582226753	89.9993896484375	
    2021-05-28 18:26:03.245	1038.25	13.0	7.0	16.86274528503418	0.05194444581866264	89.9993896484375	
    2021-05-28 18:26:03.784	988.25	12.0	21.0	20.784313201904297	0.052222222089767456	89.9993896484375	
    2021-05-28 18:26:04.324	1412.0	11.0	22.5	22.745098114013672	0.052222222089767456	100.421142578125	
    2021-05-28 18:26:04.864	1701.5	12.0	27.0	23.52941131591797	0.05249999836087227	96.923828125	
    2021-05-28 18:26:05.404	1334.0	14.0	11.5	33.33333206176758	0.05249999836087227	98.74267578125	
    2021-05-28 18:26:05.943	1358.5	15.0	-11.0	32.156864166259766	0.05277777835726738	95.7855224609375	
    2021-05-28 18:26:06.483	1533.0	17.0	17.5	26.27450942993164	0.05277777835726738	95.599365234375	
    2021-05-28 18:26:07.025	1628.0	18.0	10.0	27.058822631835938	0.05305555462837219	92.926025390625	
    2021-05-28 18:26:07.562	1798.0	20.0	26.5	28.627450942993164	0.05305555462837219	95.1690673828125	
    2021-05-28 18:26:08.104	1953.0	21.0	-6.0	25.882352828979492	0.0533333346247673	104.998779296875	
    2021-05-28 18:26:08.643	1998.0	22.0	-1.5	18.431371688842773	0.0533333346247673	89.9993896484375	
    2021-05-28 18:26:09.183	1848.75	22.0	-5.0	27.843137741088867	0.053611110895872116	100.323486328125	
    2021-05-28 18:26:09.723	1514.25	24.0	0.0	34.117645263671875	0.05388888716697693	98.382568359375	
    2021-05-28 18:26:10.266	1474.75	25.0	2.0	32.94117736816406	0.05388888716697693	95.2667236328125	
    2021-05-28 18:26:10.803	1538.5	26.0	11.0	33.72549057006836	0.05416666716337204	100.6378173828125	
    2021-05-28 18:26:11.343	1615.5	28.0	11.0	36.47058868408203	0.05416666716337204	96.502685546875	
    2021-05-28 18:26:11.882	1703.0	29.0	10.5	39.60784149169922	0.05444444343447685	102.8839111328125	
    2021-05-28 18:26:12.424	1783.25	31.0	13.0	40.39215850830078	0.05444444343447685	99.4354248046875	
    2021-05-28 18:26:12.963	1876.5	32.0	15.5	40.39215850830078	0.054722223430871964	95.98388671875	
    2021-05-28 18:26:13.505	1966.75	34.0	18.5	27.45098114013672	0.054722223430871964	98.9776611328125	
    2021-05-28 18:26:14.043	2019.0	35.0	10.5	22.745098114013672	0.054999999701976776	94.4427490234375	
    2021-05-28 18:26:14.582	2036.0	35.0	4.5	20.784313201904297	0.054999999701976776	100.3204345703125	
    2021-05-28 18:26:15.123	2043.75	35.0	3.0	19.60784339904785	0.05527777597308159	101.953125	
    2021-05-28 18:26:15.663	2000.25	35.0	1.5	18.431371688842773	0.05527777597308159	100.1708984375	
    2021-05-28 18:26:16.202	2015.5	34.0	6.5	17.254901885986328	0.0555555559694767	100.0	
    2021-05-28 18:26:16.741	1936.25	33.0	7.5	17.647058486938477	0.05583333224058151	100.0	
    2021-05-28 18:26:17.283	1695.5	30.0	14.0	17.254901885986328	0.05583333224058151	100.5218505859375	
    2021-05-28 18:26:17.823	1504.5	26.0	12.5	17.647058486938477	0.056111112236976624	101.043701171875	
    2021-05-28 18:26:18.363	1331.0	22.0	9.0	17.254901885986328	0.056111112236976624	101.5716552734375	
    2021-05-28 18:26:18.901	1185.0	17.0	6.5	16.86274528503418	0.056388888508081436	102.1392822265625	
    2021-05-28 18:26:19.443	1065.25	14.0	6.0	16.86274528503418	0.056388888508081436	102.8472900390625	
    2021-05-28 18:26:19.983	1014.75	14.0	12.5	21.176469802856445	0.05666666850447655	104.443359375	
    2021-05-28 18:26:20.524	1514.5	15.0	7.5	20.0	0.05666666850447655	101.800537109375	
    2021-05-28 18:26:21.062	1388.75	15.0	10.0	20.0	0.05694444477558136	100.2105712890625	
    2021-05-28 18:26:21.602	1425.0	16.0	17.0	22.352941513061523	0.05694444477558136	98.5015869140625	
    2021-05-28 18:26:22.324	1499.0	16.0	26.0	24.3137264251709	0.05722222104668617	95.684814453125	
    2021-05-28 18:26:23.071	1670.0	18.0	25.5	27.45098114013672	0.057500001043081284	100.1556396484375	
    2021-05-28 18:26:23.613	1926.0	21.0	25.5	27.843137741088867	0.057500001043081284	96.533203125	
    2021-05-28 18:26:24.159	2115.75	23.0	26.0	27.058822631835938	0.057777777314186096	97.54638671875	
    2021-05-28 18:26:24.693	2285.5	25.0	28.5	25.098039627075195	0.057777777314186096	95.037841796875	
    2021-05-28 18:26:25.233	2458.5	27.0	0.5	18.823530197143555	0.05805555731058121	89.9993896484375	
    2021-05-28 18:26:25.772	1982.75	27.0	22.5	20.784313201904297	0.05833333358168602	89.9993896484375	
    2021-05-28 18:26:26.314	1536.75	28.0	0.5	24.705883026123047	0.05833333358168602	89.9993896484375	
    2021-05-28 18:26:26.853	1675.75	29.0	23.5	26.27450942993164	0.05861110985279083	89.9993896484375	
    2021-05-28 18:26:27.399	1751.5	30.0	25.0	28.235294342041016	0.05861110985279083	100.32958984375	
    2021-05-28 18:26:27.936	1829.5	32.0	24.5	27.843137741088867	0.058888889849185944	95.3643798828125	
    2021-05-28 18:26:28.473	1919.75	33.0	26.0	27.058822631835938	0.058888889849185944	99.2095947265625	
    2021-05-28 18:26:29.015	1989.0	34.0	11.0	22.352941513061523	0.059166666120290756	95.977783203125	
    2021-05-28 18:26:29.556	2041.0	35.0	4.5	20.784313201904297	0.059166666120290756	100.7537841796875	
    2021-05-28 18:26:30.092	2047.75	35.0	3.5	19.215686798095703	0.05944444611668587	100.738525390625	
    2021-05-28 18:26:30.635	2058.5	35.0	5.5	18.039215087890625	0.05944444611668587	99.871826171875	
    2021-05-28 18:26:31.184	2003.0	34.0	11.5	16.86274528503418	0.05972222238779068	99.1058349609375	
    2021-05-28 18:26:31.715	1918.25	33.0	13.5	16.86274528503418	0.05999999865889549	97.222900390625	
    2021-05-28 18:26:32.253	1742.25	30.0	8.5	16.47058868408203	0.05999999865889549	104.998779296875	
    2021-05-28 18:26:32.793	1526.0	26.0	7.0	16.078432083129883	0.060277778655290604	104.998779296875	
    2021-05-28 18:26:33.332	1385.0	24.0	19.5	19.215686798095703	0.060277778655290604	100.0	
    2021-05-28 18:26:33.872	1298.75	22.0	9.5	16.86274528503418	0.060555554926395416	100.0	
    2021-05-28 18:26:34.418	1210.0	20.0	5.5	17.254901885986328	0.060555554926395416	100.5615234375	
    2021-05-28 18:26:34.954	1112.0	16.0	6.0	18.039215087890625	0.06083333492279053	101.2359619140625	
    2021-05-28 18:26:35.493	1010.0	13.0	4.0	16.86274528503418	0.06083333492279053	102.1087646484375	
    2021-05-28 18:26:36.032	959.75	12.0	4.0	16.86274528503418	0.06111111119389534	102.935791015625	
    2021-05-28 18:26:36.572	943.5	11.0	3.0	17.647058486938477	0.06111111119389534	103.7200927734375	
    2021-05-28 18:26:37.111	909.25	10.0	3.0	16.86274528503418	0.06138888746500015	101.043701171875	
    2021-05-28 18:26:37.653	924.25	10.0	1.0	17.254901885986328	0.06138888746500015	100.4852294921875	
    2021-05-28 18:26:38.192	907.25	10.0	10.5	22.745098114013672	0.061666667461395264	99.20654296875	
    2021-05-28 18:26:38.733	1761.75	10.0	22.0	33.33333206176758	0.061944443732500076	101.5777587890625	
    2021-05-28 18:26:39.272	1788.75	13.0	16.0	34.90196228027344	0.061944443732500076	98.4222412109375	
    2021-05-28 18:26:39.814	1411.0	16.0	-8.5	29.41176414489746	0.06222222372889519	99.3072509765625	
    2021-05-28 18:26:40.352	1549.25	17.0	11.5	32.54901885986328	0.06222222372889519	96.527099609375	
    2021-05-28 18:26:40.893	1661.25	18.0	15.5	34.117645263671875	0.0625	99.8260498046875	
    2021-05-28 18:26:41.440	1829.25	20.0	16.5	36.86274337768555	0.0625	95.9716796875	
    2021-05-28 18:26:41.975	2017.0	22.0	14.0	41.17647171020508	0.06277777999639511	95.76416015625	
    2021-05-28 18:26:42.514	2116.0	23.0	16.5	43.13725662231445	0.06277777999639511	92.1844482421875	
    2021-05-28 18:26:43.053	2250.5	25.0	18.0	44.70588302612305	0.06305555254220963	94.537353515625	
    2021-05-28 18:26:43.596	2412.5	27.0	19.0	45.490196228027344	0.06305555254220963	94.54345703125	
    2021-05-28 18:26:44.135	2554.75	28.0	20.5	46.27450942993164	0.06333333253860474	93.505859375	
    2021-05-28 18:26:44.673	2613.5	29.0	21.0	47.45098114013672	0.06333333253860474	93.731689453125	
    2021-05-28 18:26:45.213	2762.0	30.0	22.5	48.6274528503418	0.06361111253499985	92.8558349609375	
    2021-05-28 18:26:45.752	2783.5	31.0	-2.0	19.60784339904785	0.06388889253139496	89.9993896484375	
    2021-05-28 18:26:46.294	2642.25	30.0	-1.5	56.86274337768555	0.06388889253139496	99.0020751953125	
    2021-05-28 18:26:46.833	1763.5	30.0	-3.5	75.29412078857422	0.06416666507720947	96.96044921875	
    2021-05-28 18:26:47.373	1769.25	30.0	9.5	74.90196228027344	0.06416666507720947	98.1292724609375	
    2021-05-28 18:26:47.913	1780.5	31.0	9.5	74.90196228027344	0.06444444507360458	101.5472412109375	
    2021-05-28 18:26:48.453	1803.75	31.0	10.0	74.90196228027344	0.06444444507360458	101.9378662109375	
    2021-05-28 18:26:48.993	1799.25	31.0	10.5	74.90196228027344	0.0647222250699997	99.090576171875	
    2021-05-28 18:26:49.532	1837.75	31.0	10.5	74.90196228027344	0.0647222250699997	100.799560546875	
    2021-05-28 18:26:50.073	1855.5	32.0	11.5	74.90196228027344	0.06499999761581421	104.4464111328125	
    2021-05-28 18:26:50.613	1842.75	32.0	11.5	74.90196228027344	0.06499999761581421	104.0618896484375	
    2021-05-28 18:26:51.153	1847.5	32.0	11.5	75.29412078857422	0.06527777761220932	100.048828125	
    2021-05-28 18:26:51.690	1843.25	32.0	12.0	74.90196228027344	0.06527777761220932	100.9857177734375	
    2021-05-28 18:26:52.233	1843.0	32.0	12.0	74.90196228027344	0.06555555760860443	101.5625	
    2021-05-28 18:26:52.773	1832.5	32.0	13.0	74.90196228027344	0.06583333015441895	102.1240234375	
    2021-05-28 18:26:53.313	1835.75	32.0	13.0	47.45098114013672	0.06583333015441895	104.6142578125	
    2021-05-28 18:26:53.854	1854.25	32.0	15.0	44.70588302612305	0.06611111015081406	98.486328125	
    2021-05-28 18:26:54.393	1839.75	32.0	2.5	25.882352828979492	0.06611111015081406	103.7384033203125	
    2021-05-28 18:26:54.932	1808.0	31.0	0.5	21.960784912109375	0.06638889014720917	101.1322021484375	
    2021-05-28 18:26:55.473	1770.25	29.0	-1.5	18.431371688842773	0.06638889014720917	100.0	
    2021-05-28 18:26:56.012	1626.0	25.0	-3.5	16.86274528503418	0.06666667014360428	100.0	
    2021-05-28 18:26:56.552	1383.25	21.0	5.0	15.686274528503418	0.06666667014360428	100.45166015625	
    2021-05-28 18:26:57.092	1243.5	17.0	8.0	15.686274528503418	0.06694444268941879	100.9674072265625	
    2021-05-28 18:26:57.632	1132.75	14.0	0.5	23.921567916870117	0.06694444268941879	101.751708984375	
    2021-05-28 18:26:58.178	1440.0	13.0	14.0	26.66666603088379	0.0672222226858139	104.1351318359375	
    2021-05-28 18:26:58.893	1243.25	14.0	13.0	34.509803771972656	0.06750000268220901	105.059814453125	
    2021-05-28 18:26:59.672	1364.75	15.0	10.0	36.86274337768555	0.06750000268220901	99.8504638671875	
    2021-05-28 18:27:00.213	1499.75	16.0	12.0	32.54901885986328	0.06777777522802353	96.5911865234375	
    2021-05-28 18:27:00.752	1608.5	18.0	13.0	36.86274337768555	0.06805555522441864	97.49755859375	
    2021-05-28 18:27:01.292	1731.25	19.0	8.0	41.17647171020508	0.06805555522441864	101.4739990234375	
    2021-05-28 18:27:01.832	1833.0	20.0	14.5	42.74509811401367	0.06833333522081375	96.15478515625	
    2021-05-28 18:27:02.372	1935.0	21.0	14.5	44.70588302612305	0.06833333522081375	98.126220703125	
    2021-05-28 18:27:02.913	2049.25	23.0	14.0	46.27450942993164	0.06861110776662827	96.58203125	
    2021-05-28 18:27:03.453	2182.25	24.0	15.0	47.45098114013672	0.06861110776662827	96.160888671875	
    2021-05-28 18:27:04.083	2178.75	25.0	-13.0	22.745098114013672	0.06888888776302338	101.5228271484375	
    2021-05-28 18:27:04.772	2095.0	23.0	5.5	20.39215660095215	0.06916666775941849	101.025390625	
    2021-05-28 18:27:05.342	1748.5	18.0	-5.5	16.86274528503418	0.06916666775941849	99.6826171875	
    2021-05-28 18:27:05.882	1396.5	16.0	-2.0	22.352941513061523	0.0694444477558136	99.1119384765625	
    2021-05-28 18:27:06.422	1213.25	13.0	2.0	32.94117736816406	0.0694444477558136	102.9541015625	
    2021-05-28 18:27:06.963	1345.0	14.0	9.0	36.86274337768555	0.06972222030162811	100.775146484375	
    2021-05-28 18:27:07.502	1406.25	15.0	8.5	41.960784912109375	0.06972222030162811	99.5819091796875	
    2021-05-28 18:27:08.043	1545.0	17.0	10.5	49.80392074584961	0.07000000029802322	96.3775634765625	
    2021-05-28 18:27:08.583	1679.5	18.0	11.5	47.843135833740234	0.07000000029802322	99.2523193359375	
    2021-05-28 18:27:09.122	1841.5	20.0	12.0	45.490196228027344	0.07027778029441833	98.0804443359375	
    2021-05-28 18:27:09.663	1955.75	21.0	13.0	46.27450942993164	0.07027778029441833	100.4302978515625	
    2021-05-28 18:27:10.202	2101.5	23.0	15.0	47.843135833740234	0.07055555284023285	97.0977783203125	
    2021-05-28 18:27:10.742	2237.25	25.0	15.5	48.6274528503418	0.07083333283662796	96.051025390625	
    2021-05-28 18:27:11.283	2349.75	26.0	16.0	49.80392074584961	0.07083333283662796	95.8251953125	
    2021-05-28 18:27:11.823	2484.0	27.0	16.5	50.98039245605469	0.07111111283302307	100.787353515625	
    2021-05-28 18:27:12.362	2623.0	29.0	5.0	26.27450942993164	0.07111111283302307	89.9993896484375	
    2021-05-28 18:27:12.903	2407.5	28.0	34.0	33.33333206176758	0.07138888537883759	89.9993896484375	
    2021-05-28 18:27:13.444	2250.75	28.0	16.0	38.82352828979492	0.07138888537883759	96.5850830078125	
    2021-05-28 18:27:13.985	1671.75	28.0	-7.5	40.7843132019043	0.0716666653752327	93.5760498046875	
    2021-05-28 18:27:14.522	1648.25	29.0	10.5	39.60784149169922	0.0716666653752327	100.1312255859375	
    2021-05-28 18:27:15.062	1708.5	29.0	10.5	42.35293960571289	0.07194444537162781	98.2147216796875	
    2021-05-28 18:27:15.602	1728.25	30.0	12.0	46.27450942993164	0.07194444537162781	99.2095947265625	
    2021-05-28 18:27:16.143	1768.75	31.0	11.0	45.09803771972656	0.07222222536802292	102.6214599609375	
    2021-05-28 18:27:16.682	1796.75	31.0	11.5	44.70588302612305	0.07249999791383743	99.1851806640625	
    2021-05-28 18:27:17.222	1837.0	31.0	12.5	42.74509811401367	0.07249999791383743	98.4161376953125	
    2021-05-28 18:27:17.763	1850.75	32.0	13.5	41.960784912109375	0.07277777791023254	98.0224609375	
    2021-05-28 18:27:18.302	1869.25	32.0	17.5	40.39215850830078	0.07277777791023254	96.728515625	
    2021-05-28 18:27:18.842	1854.0	32.0	7.0	22.745098114013672	0.07305555790662766	97.5982666015625	
    2021-05-28 18:27:19.382	1829.75	31.0	1.0	20.784313201904297	0.07305555790662766	102.4505615234375	
    2021-05-28 18:27:19.923	1728.25	30.0	-1.0	19.215686798095703	0.07333333045244217	104.1839599609375	
    2021-05-28 18:27:20.462	1639.5	27.0	-3.0	18.431371688842773	0.07333333045244217	105.218505859375	
    2021-05-28 18:27:21.001	1418.0	24.0	1.5	17.254901885986328	0.07361111044883728	102.9571533203125	
    2021-05-28 18:27:21.542	1281.5	20.0	5.5	17.254901885986328	0.07361111044883728	102.9571533203125	
    2021-05-28 18:27:22.082	1154.5	18.0	10.5	17.254901885986328	0.07388889044523239	105.645751953125	
    2021-05-28 18:27:22.621	1059.75	16.0	6.5	17.254901885986328	0.07388889044523239	103.1768798828125	
    2021-05-28 18:27:23.163	1018.5	14.0	12.5	25.490196228027344	0.0741666629910469	105.8807373046875	
    2021-05-28 18:27:23.702	1931.0	14.0	19.5	34.90196228027344	0.0741666629910469	104.241943359375	
    2021-05-28 18:27:24.243	1523.5	17.0	-10.5	37.25490188598633	0.07444444298744202	101.1138916015625	
    2021-05-28 18:27:24.781	1787.75	20.0	14.5	39.2156867980957	0.07472222298383713	97.723388671875	
    2021-05-28 18:27:25.323	1973.25	22.0	-4.5	23.921567916870117	0.07472222298383713	99.267578125	
    2021-05-28 18:27:25.863	2105.25	23.0	2.5	21.176469802856445	0.07500000298023224	101.8157958984375	
    2021-05-28 18:27:26.403	2256.75	25.0	6.0	19.60784339904785	0.07500000298023224	97.52197265625	
    2021-05-28 18:27:26.943	2246.75	25.0	0.5	18.431371688842773	0.07527777552604675	99.2919921875	
    2021-05-28 18:27:27.483	2408.0	26.0	23.5	17.647058486938477	0.07527777552604675	104.998779296875	
    2021-05-28 18:27:28.022	2469.5	27.0	10.0	18.039215087890625	0.07555555552244186	89.9993896484375	
    2021-05-28 18:27:28.561	2451.5	27.0	8.0	18.039215087890625	0.07555555552244186	89.9993896484375	
    2021-05-28 18:27:29.101	2456.75	27.0	9.5	17.647058486938477	0.07583333551883698	89.9993896484375	
    2021-05-28 18:27:29.643	2447.0	27.0	10.0	17.647058486938477	0.07583333551883698	89.9993896484375	
    2021-05-28 18:27:30.181	2407.5	27.0	10.0	17.647058486938477	0.07611110806465149	89.9993896484375	
    2021-05-28 18:27:30.724	2425.5	26.0	9.5	17.647058486938477	0.0763888880610466	89.9993896484375	
    2021-05-28 18:27:31.265	2336.75	26.0	9.5	17.647058486938477	0.0763888880610466	89.9993896484375	
    2021-05-28 18:27:31.802	2249.25	25.0	9.0	17.647058486938477	0.07666666805744171	89.9993896484375	
    2021-05-28 18:27:32.341	2167.25	24.0	8.5	17.254901885986328	0.07666666805744171	89.9993896484375	
    2021-05-28 18:27:32.882	2022.5	22.0	9.0	16.86274528503418	0.07694444805383682	89.9993896484375	
    2021-05-28 18:27:33.423	1771.25	18.0	7.0	16.078432083129883	0.07694444805383682	89.9993896484375	
    2021-05-28 18:27:33.965	1357.5	15.0	-10.0	15.686274528503418	0.07722222059965134	89.9993896484375	
    2021-05-28 18:27:34.502	1312.0	14.0	38.0	21.568628311157227	0.07722222059965134	89.9993896484375	
    2021-05-28 18:27:35.042	1250.25	13.0	-13.5	24.705883026123047	0.07750000059604645	89.9993896484375	
    2021-05-28 18:27:35.582	1401.0	15.0	16.5	35.686275482177734	0.07750000059604645	100.0	
    2021-05-28 18:27:36.122	1560.25	17.0	-1.0	38.82352828979492	0.07777778059244156	98.4222412109375	
    2021-05-28 18:27:36.662	1737.25	20.0	12.0	40.7843132019043	0.07777778059244156	99.8138427734375	
    2021-05-28 18:27:37.202	2000.5	22.0	17.0	42.35293960571289	0.07805555313825607	94.25048828125	
    2021-05-28 18:27:37.749	2238.75	25.0	19.0	44.70588302612305	0.07833333313465118	90.997314453125	
    2021-05-28 18:27:38.282	2521.0	28.0	24.5	18.431371688842773	0.07833333313465118	89.9993896484375	
    2021-05-28 18:27:38.822	2144.0	28.0	37.5	27.45098114013672	0.0786111131310463	89.9993896484375	
    2021-05-28 18:27:39.361	1943.25	29.0	20.5	32.94117736816406	0.0786111131310463	89.9993896484375	
    2021-05-28 18:27:39.902	1795.25	31.0	4.0	39.60784149169922	0.07888888567686081	96.66748046875	
    2021-05-28 18:27:40.443	1894.75	32.0	5.0	25.490196228027344	0.07888888567686081	100.616455078125	
    2021-05-28 18:27:41.521	1926.25	33.0	3.5	20.39215660095215	0.07916666567325592	95.9503173828125	
    2021-05-28 18:27:42.063	1888.25	32.0	0.0	19.215686798095703	0.07944444566965103	101.0589599609375	
    2021-05-28 18:27:42.602	1730.0	30.0	-3.5	18.039215087890625	0.07944444566965103	99.9481201171875	
    2021-05-28 18:27:43.141	1551.75	27.0	1.0	16.86274528503418	0.07972222566604614	98.6328125	
    2021-05-28 18:27:43.683	1447.0	24.0	7.0	15.686274528503418	0.07999999821186066	101.1962890625	
    2021-05-28 18:27:44.223	1305.0	22.0	38.0	17.254901885986328	0.07999999821186066	101.69677734375	
    2021-05-28 18:27:44.762	1236.25	21.0	24.5	24.3137264251709	0.08027777820825577	102.5665283203125	
    2021-05-28 18:27:45.301	1265.0	21.0	13.5	33.72549057006836	0.08027777820825577	104.6722412109375	
    2021-05-28 18:27:45.843	1290.75	22.0	11.0	35.29411697387695	0.08055555820465088	107.025146484375	
    2021-05-28 18:27:46.381	1335.0	23.0	9.5	35.686275482177734	0.08055555820465088	103.41796875	
    2021-05-28 18:27:46.921	1418.25	24.0	9.0	34.117645263671875	0.0808333307504654	100.5523681640625	
    2021-05-28 18:27:47.462	1537.0	26.0	3.5	23.13725471496582	0.0808333307504654	101.8707275390625	
    2021-05-28 18:27:48.003	1521.75	27.0	-9.5	18.039215087890625	0.0811111107468605	98.33984375	
    2021-05-28 18:27:48.541	1442.75	27.0	-4.5	18.431371688842773	0.0811111107468605	97.576904296875	
    2021-05-28 18:27:49.081	1117.0	27.0	3.5	17.254901885986328	0.08138889074325562	96.96044921875	
    2021-05-28 18:27:49.623	1205.0	27.0	19.0	18.431371688842773	0.08166666328907013	96.0906982421875	
    2021-05-28 18:27:50.162	1178.25	28.0	5.5	17.647058486938477	0.08166666328907013	97.955322265625	
    2021-05-28 18:27:50.704	1199.75	29.0	3.0	17.254901885986328	0.08166666328907013	97.113037109375	
    2021-05-28 18:27:51.241	1207.0	29.0	3.5	16.47058868408203	0.08194444328546524	99.4659423828125	
    2021-05-28 18:27:51.781	1300.5	30.0	9.0	15.686274528503418	0.08222222328186035	99.9847412109375	
    2021-05-28 18:27:52.323	1325.75	31.0	17.0	15.686274528503418	0.08222222328186035	100.48828125	
    2021-05-28 18:27:52.861	1323.5	32.0	16.0	15.29411792755127	0.08250000327825546	100.9857177734375	
    2021-05-28 18:27:53.671	1376.0	33.0	19.0	15.29411792755127	0.08250000327825546	101.6754150390625	
    2021-05-28 18:27:54.272	1425.5	34.0	20.5	15.29411792755127	0.08277777582406998	102.28271484375	
    2021-05-28 18:27:54.811	1437.75	34.0	21.5	15.686274528503418	0.08305555582046509	102.7801513671875	
    2021-05-28 18:27:55.353	1398.25	33.0	21.5	15.686274528503418	0.08305555582046509	103.277587890625	
    2021-05-28 18:27:55.891	1397.75	33.0	20.0	15.686274528503418	0.0833333358168602	103.7750244140625	
    2021-05-28 18:27:56.432	1323.25	32.0	23.0	15.686274528503418	0.0833333358168602	104.266357421875	
    2021-05-28 18:27:56.973	1295.5	30.0	38.0	16.078432083129883	0.08361110836267471	104.7576904296875	
    2021-05-28 18:27:57.512	1239.5	29.0	32.5	16.47058868408203	0.08361110836267471	105.26123046875	
    2021-05-28 18:27:58.055	1196.5	27.0	29.5	16.47058868408203	0.08388888835906982	105.780029296875	
    2021-05-28 18:27:58.591	1136.75	26.0	24.5	16.47058868408203	0.08388888835906982	104.43115234375	
    2021-05-28 18:27:59.132	1076.5	25.0	3.5	17.647058486938477	0.08416666835546494	103.460693359375	
    2021-05-28 18:27:59.672	1051.5	25.0	-1.5	16.86274528503418	0.08416666835546494	104.541015625	
    2021-05-28 18:28:00.212	1057.0	24.0	-4.5	16.86274528503418	0.08444444090127945	103.6651611328125	
    2021-05-28 18:28:00.753	1015.5	24.0	-4.0	16.47058868408203	0.08472222089767456	102.9022216796875	
    2021-05-28 18:28:01.293	1002.0	24.0	-5.0	16.47058868408203	0.08472222089767456	102.20947265625	
    2021-05-28 18:28:01.831	963.0	23.0	-3.0	16.47058868408203	0.08500000089406967	101.611328125	
    2021-05-28 18:28:02.372	914.75	22.0	1.0	16.47058868408203	0.08500000089406967	101.08642578125	
    2021-05-28 18:28:02.912	902.75	21.0	1.5	16.47058868408203	0.08527778089046478	100.54931640625	
    2021-05-28 18:28:03.456	869.75	21.0	10.5	16.47058868408203	0.08527778089046478	99.8931884765625	
    2021-05-28 18:28:03.992	874.75	21.0	6.5	16.47058868408203	0.0855555534362793	102.764892578125	
    2021-05-28 18:28:04.532	867.75	20.0	18.5	18.039215087890625	0.0855555534362793	100.5157470703125	
    2021-05-28 18:28:05.071	814.0	19.0	14.0	17.647058486938477	0.08583333343267441	103.240966796875	
    2021-05-28 18:28:05.611	899.5	17.0	-4.0	16.86274528503418	0.08583333343267441	101.239013671875	
    2021-05-28 18:28:06.153	896.5	15.0	-2.5	16.86274528503418	0.08611111342906952	100.4547119140625	
    2021-05-28 18:28:06.693	906.5	12.0	-4.0	16.86274528503418	0.08611111342906952	99.7100830078125	
    2021-05-28 18:28:07.233	923.75	9.0	-4.0	16.47058868408203	0.08638888597488403	99.151611328125	
    2021-05-28 18:28:07.771	910.5	9.0	-6.0	16.078432083129883	0.08666666597127914	98.6572265625	
    2021-05-28 18:28:08.313	904.75	10.0	-4.5	16.078432083129883	0.08666666597127914	98.175048828125	
    2021-05-28 18:28:08.852	895.25	8.0	-4.5	15.686274528503418	0.08694444596767426	97.698974609375	
    2021-05-28 18:28:09.392	896.5	3.0	-3.0	15.686274528503418	0.08694444596767426	97.222900390625	
    2021-05-28 18:28:09.931	896.75	1.0	21.5	24.3137264251709	0.08722221851348877	96.160888671875	
    2021-05-28 18:28:10.473	1534.75	2.0	16.0	38.82352828979492	0.08722221851348877	102.0721435546875	
    2021-05-28 18:28:11.011	2398.25	6.0	17.5	29.41176414489746	0.08749999850988388	96.6766357421875	
    2021-05-28 18:28:11.559	2371.0	11.0	24.0	32.94117736816406	0.08749999850988388	93.6309814453125	
    2021-05-28 18:28:12.092	2386.5	15.0	-4.5	31.372549057006836	0.08777777850627899	95.208740234375	
    2021-05-28 18:28:12.637	2755.25	17.0	4.0	23.921567916870117	0.08777777850627899	97.5555419921875	
    2021-05-28 18:28:13.172	3015.5	18.0	0.0	19.60784339904785	0.0880555585026741	89.9993896484375	
    2021-05-28 18:28:13.712	2550.0	18.0	5.0	17.647058486938477	0.08833333104848862	89.9993896484375	
    2021-05-28 18:28:14.253	2084.0	22.0	24.0	21.568628311157227	0.08833333104848862	89.9993896484375	
    2021-05-28 18:28:14.792	2044.75	26.0	27.5	19.215686798095703	0.08861111104488373	89.9993896484375	
    2021-05-28 18:28:15.332	1821.25	31.0	1.5	18.823530197143555	0.08861111104488373	89.9993896484375	
    2021-05-28 18:28:15.871	1994.25	35.0	6.5	18.431371688842773	0.08888889104127884	89.9993896484375	
    2021-05-28 18:28:16.412	2196.25	38.0	6.0	18.039215087890625	0.08888889104127884	89.9993896484375	
    2021-05-28 18:28:16.953	2303.25	39.0	8.5	18.039215087890625	0.08916666358709335	89.9993896484375	
    2021-05-28 18:28:17.492	2307.5	40.0	8.0	18.039215087890625	0.08916666358709335	89.9993896484375	
    2021-05-28 18:28:18.032	2307.25	40.0	7.5	18.039215087890625	0.08944444358348846	89.9993896484375	
    2021-05-28 18:28:18.572	2286.5	39.0	8.5	17.647058486938477	0.08944444358348846	89.9993896484375	
    2021-05-28 18:28:19.112	2229.5	38.0	9.0	17.647058486938477	0.08972222357988358	89.9993896484375	
    2021-05-28 18:28:19.654	2133.75	37.0	8.5	17.254901885986328	0.09000000357627869	89.9993896484375	
    2021-05-28 18:28:20.191	2015.5	35.0	8.5	17.254901885986328	0.09000000357627869	89.9993896484375	
    2021-05-28 18:28:20.731	1928.25	33.0	8.0	16.86274528503418	0.0902777761220932	89.9993896484375	
    2021-05-28 18:28:21.281	1892.75	33.0	7.5	17.254901885986328	0.0902777761220932	89.9993896484375	
    2021-05-28 18:28:21.812	1877.75	32.0	7.5	16.86274528503418	0.09055555611848831	89.9993896484375	
    2021-05-28 18:28:22.351	1863.75	32.0	7.0	16.86274528503418	0.09055555611848831	89.9993896484375	
    2021-05-28 18:28:22.892	1847.5	32.0	7.0	16.86274528503418	0.09083333611488342	89.9993896484375	
    2021-05-28 18:28:23.433	1842.0	32.0	7.0	16.86274528503418	0.09083333611488342	89.9993896484375	
    2021-05-28 18:28:23.975	1808.0	31.0	7.0	16.86274528503418	0.09111110866069794	89.9993896484375	
    2021-05-28 18:28:24.511	1794.0	31.0	7.0	16.86274528503418	0.09111110866069794	89.9993896484375	
    2021-05-28 18:28:25.053	1752.25	30.0	6.5	16.86274528503418	0.09138888865709305	89.9993896484375	
    2021-05-28 18:28:25.591	1731.75	30.0	6.5	16.86274528503418	0.09138888865709305	89.9993896484375	
    2021-05-28 18:28:26.131	1697.0	29.0	6.0	16.47058868408203	0.09166666865348816	89.9993896484375	
    2021-05-28 18:28:26.672	1676.25	29.0	6.0	16.47058868408203	0.09166666865348816	89.9993896484375	
    2021-05-28 18:28:27.212	1601.25	28.0	6.5	16.47058868408203	0.09194444119930267	89.9993896484375	
    2021-05-28 18:28:27.753	1569.0	27.0	6.5	16.078432083129883	0.09222222119569778	89.9993896484375	
    2021-05-28 18:28:28.292	1506.0	26.0	6.0	16.078432083129883	0.09222222119569778	89.9993896484375	
    2021-05-28 18:28:28.832	1478.75	25.0	5.5	16.078432083129883	0.0925000011920929	89.9993896484375	
    2021-05-28 18:28:29.372	1386.25	23.0	-9.5	20.0	0.0925000011920929	89.9993896484375	
    2021-05-28 18:28:29.912	1257.5	20.0	1.5	16.86274528503418	0.092777781188488	89.9993896484375	
    2021-05-28 18:28:30.451	1205.25	15.0	4.0	16.86274528503418	0.092777781188488	89.9993896484375	
    2021-05-28 18:28:30.991	1121.5	11.0	6.5	16.47058868408203	0.09305555373430252	89.9993896484375	
    2021-05-28 18:28:31.531	1043.5	10.0	9.5	19.215686798095703	0.09305555373430252	89.9993896484375	
    2021-05-28 18:28:32.071	1039.75	10.0	12.5	25.882352828979492	0.09333333373069763	89.9993896484375	
    2021-05-28 18:28:32.611	1026.5	11.0	6.5	31.372549057006836	0.09333333373069763	101.1749267578125	
    2021-05-28 18:28:33.152	1287.0	14.0	14.0	34.117645263671875	0.09361111372709274	98.0560302734375	
    2021-05-28 18:28:33.693	1399.5	16.0	11.5	34.90196228027344	0.09361111372709274	95.166015625	
    2021-05-28 18:28:34.231	1647.75	18.0	17.0	29.80392074584961	0.09388888627290726	92.56591796875	
    2021-05-28 18:28:34.772	1830.25	20.0	21.0	29.80392074584961	0.09416666626930237	98.08349609375	
    2021-05-28 18:28:35.312	2016.0	22.0	24.0	28.627450942993164	0.09416666626930237	93.3441162109375	
    2021-05-28 18:28:35.853	2175.25	24.0	25.0	28.627450942993164	0.09444444626569748	94.6441650390625	
    2021-05-28 18:28:36.392	2349.75	26.0	26.5	29.019607543945312	0.09444444626569748	92.340087890625	
    2021-05-28 18:28:36.931	2455.0	27.0	6.0	18.823530197143555	0.094722218811512	89.9993896484375	
    2021-05-28 18:28:37.470	2087.0	27.0	27.5	21.960784912109375	0.094722218811512	89.9993896484375	
    2021-05-28 18:28:38.010	1578.0	27.0	11.0	34.117645263671875	0.0949999988079071	91.49169921875	
    2021-05-28 18:28:38.552	1638.25	28.0	13.0	37.64706039428711	0.0949999988079071	96.0296630859375	
    2021-05-28 18:28:39.092	1721.0	30.0	13.5	35.686275482177734	0.09527777880430222	100.1556396484375	
    2021-05-28 18:28:39.632	1776.75	31.0	14.0	36.86274337768555	0.09527777880430222	95.6787109375	
    2021-05-28 18:28:40.172	1868.25	32.0	16.0	35.29411697387695	0.09555555880069733	95.6146240234375	
    2021-05-28 18:28:40.711	1889.25	32.0	22.5	25.490196228027344	0.09583333134651184	98.52294921875	
    2021-05-28 18:28:41.256	1892.75	33.0	32.5	23.52941131591797	0.09583333134651184	93.414306640625	
    2021-05-28 18:28:41.792	1906.0	33.0	29.0	21.568628311157227	0.09611111134290695	95.8831787109375	
    2021-05-28 18:28:42.455	1903.5	33.0	4.5	21.176469802856445	0.09611111134290695	92.425537109375	
    2021-05-28 18:28:43.170	1858.25	32.0	0.0	18.823530197143555	0.09638889133930206	97.1343994140625	
    2021-05-28 18:28:43.772	1806.5	30.0	5.0	16.47058868408203	0.09666666388511658	97.8729248046875	
    2021-05-28 18:28:44.311	1682.25	28.0	15.5	17.254901885986328	0.09666666388511658	100.0	
    2021-05-28 18:28:44.853	1538.5	25.0	13.5	16.86274528503418	0.09694444388151169	100.030517578125	
    2021-05-28 18:28:45.392	1387.5	21.0	13.5	16.86274528503418	0.09694444388151169	100.54931640625	
    2021-05-28 18:28:45.932	1238.5	18.0	11.5	16.86274528503418	0.0972222238779068	101.0711669921875	
    2021-05-28 18:28:46.470	1118.25	15.0	5.5	17.647058486938477	0.0972222238779068	101.6204833984375	
    2021-05-28 18:28:47.015	1017.5	13.0	4.5	16.86274528503418	0.09749999642372131	102.3406982421875	
    2021-05-28 18:28:47.552	970.0	9.0	4.0	17.254901885986328	0.09749999642372131	103.033447265625	
    2021-05-28 18:28:48.091	933.75	7.0	4.5	16.86274528503418	0.09777777642011642	101.483154296875	
    2021-05-28 18:28:48.633	921.75	5.0	4.5	18.039215087890625	0.09777777642011642	100.8148193359375	
    2021-05-28 18:28:49.172	1139.5	3.0	1.5	22.352941513061523	0.09805555641651154	104.2694091796875	
    2021-05-28 18:28:49.712	1858.25	3.0	21.0	21.960784912109375	0.09833333641290665	99.6612548828125	
    2021-05-28 18:28:50.252	1566.0	5.0	17.5	22.745098114013672	0.09833333641290665	97.64404296875	
    2021-05-28 18:28:50.791	1478.0	7.0	14.5	25.098039627075195	0.09861110895872116	99.7283935546875	
    2021-05-28 18:28:51.331	1558.75	10.0	21.0	26.27450942993164	0.09861110895872116	96.0296630859375	
    2021-05-28 18:28:51.872	1939.75	12.0	27.5	25.098039627075195	0.09888888895511627	99.1180419921875	
    2021-05-28 18:28:52.410	2247.0	14.0	31.0	25.490196228027344	0.09888888895511627	93.2342529296875	
    2021-05-28 18:28:52.952	2602.0	16.0	19.5	20.39215660095215	0.09916666895151138	99.4171142578125	
    2021-05-28 18:28:53.490	2715.0	17.0	7.0	19.215686798095703	0.09916666895151138	89.9993896484375	
    2021-05-28 18:28:54.032	2417.5	16.0	5.5	17.254901885986328	0.0994444414973259	89.9993896484375	
    2021-05-28 18:28:54.570	1967.75	15.0	8.5	18.823530197143555	0.0994444414973259	89.9993896484375	
    2021-05-28 18:28:55.111	1425.0	16.0	23.5	19.60784339904785	0.09972222149372101	89.9993896484375	
    2021-05-28 18:28:55.651	1442.25	16.0	33.5	18.039215087890625	0.10000000149011612	89.9993896484375	
    2021-05-28 18:28:56.192	1417.0	15.0	33.5	18.039215087890625	0.10000000149011612	89.9993896484375	
    2021-05-28 18:28:56.732	1381.75	15.0	-3.5	17.254901885986328	0.10027778148651123	89.9993896484375	
    2021-05-28 18:28:57.272	1291.5	14.0	-3.5	16.47058868408203	0.10027778148651123	89.9993896484375	
    2021-05-28 18:28:57.812	1192.25	12.0	28.5	19.215686798095703	0.10055555403232574	89.9993896484375	
    2021-05-28 18:28:58.352	1037.5	10.0	6.0	18.823530197143555	0.10055555403232574	89.9993896484375	
    2021-05-28 18:28:58.891	802.75	8.0	11.5	21.176469802856445	0.10083333402872086	100.6927490234375	
    2021-05-28 18:28:59.432	844.75	7.0	-12.0	16.86274528503418	0.10083333402872086	102.16064453125	
    2021-05-28 18:28:59.971	1191.5	6.0	-12.0	16.86274528503418	0.10083333402872086	100.30517578125	
    2021-05-28 18:29:00.512	887.0	5.0	-10.0	16.47058868408203	0.10111111402511597	98.0255126953125	
    2021-05-28 18:29:01.051	929.0	5.0	-7.0	16.078432083129883	0.10138888657093048	98.0255126953125	
    2021-05-28 18:29:01.592	930.25	4.0	-5.0	16.078432083129883	0.10138888657093048	101.9989013671875	
    2021-05-28 18:29:02.131	957.0	2.0	-2.0	15.686274528503418	0.10166666656732559	99.8077392578125	
    2021-05-28 18:29:02.673	1003.5	0.0	0.0	15.686274528503418	0.10166666656732559	99.13330078125	
    2021-05-28 18:29:03.211	1052.5	0.0	3.5	15.686274528503418	0.1019444465637207	98.480224609375	
    2021-05-28 18:29:03.750	1066.5	0.0	5.5	15.686274528503418	0.1019444465637207	97.8363037109375	
    2021-05-28 18:29:04.290	1071.0	0.0	8.0	16.078432083129883	0.10222221910953522	97.1923828125	
    2021-05-28 18:29:04.831	1087.75	0.0	3.5	16.078432083129883	0.10222221910953522	96.5423583984375	
    2021-05-28 18:29:05.912	1082.25	0.0	2.0	16.078432083129883	0.10249999910593033	98.05908203125	
    2021-05-28 18:29:06.451	1074.0	0.0	4.0	16.47058868408203	0.10277777910232544	96.54541015625	
    2021-05-28 18:29:06.992	1070.0	0.0	2.5	16.078432083129883	0.10277777910232544	95.3887939453125	
    2021-05-28 18:29:07.530	1067.0	0.0	7.0	16.86274528503418	0.10305555909872055	95.3887939453125	
    2021-05-28 18:29:08.071	1088.75	0.0	0.5	16.86274528503418	0.10333333164453506	98.1536865234375	
    2021-05-28 18:29:08.628	1054.5	0.0	7.0	17.254901885986328	0.10333333164453506	98.846435546875	
    2021-05-28 18:29:09.153	1089.0	0.0	1.0	19.215686798095703	0.10361111164093018	96.8963623046875	
    2021-05-28 18:29:09.691	1230.25	0.0	-6.0	18.431371688842773	0.10361111164093018	94.12841796875	
    2021-05-28 18:29:10.232	1231.75	0.0	-5.0	18.039215087890625	0.10388889163732529	98.907470703125	
    2021-05-28 18:29:10.772	1219.5	0.0	17.5	19.60784339904785	0.10388889163732529	94.927978515625	
    2021-05-28 18:29:11.310	1484.0	0.0	7.5	19.60784339904785	0.1041666641831398	99.4903564453125	
    2021-05-28 18:29:11.852	1441.0	0.0	10.5	19.60784339904785	0.1041666641831398	96.1639404296875	
    2021-05-28 18:29:12.394	1432.5	0.0	11.0	19.60784339904785	0.10444444417953491	94.8760986328125	
    2021-05-28 18:29:12.936	1402.0	1.0	12.5	19.60784339904785	0.10444444417953491	93.5882568359375	
    2021-05-28 18:29:13.473	1367.75	2.0	12.0	20.0	0.10472222417593002	97.7630615234375	
    2021-05-28 18:29:14.010	1300.0	2.0	9.0	22.352941513061523	0.10499999672174454	94.1986083984375	
    2021-05-28 18:29:14.551	1412.25	1.0	4.0	21.176469802856445	0.10499999672174454	95.7611083984375	
    2021-05-28 18:29:15.093	1476.75	1.0	15.5	20.39215660095215	0.10527777671813965	94.0032958984375	
    2021-05-28 18:29:15.632	1397.0	0.0	30.5	23.13725471496582	0.10527777671813965	91.8853759765625	
    2021-05-28 18:29:16.172	1228.25	0.0	17.0	27.45098114013672	0.10555555671453476	96.484375	
    2021-05-28 18:29:16.711	1162.0	0.0	10.5	33.33333206176758	0.10555555671453476	98.455810546875	
    2021-05-28 18:29:17.250	992.5	3.0	7.0	31.764705657958984	0.10583333671092987	95.489501953125	
    2021-05-28 18:29:17.790	1063.5	6.0	8.0	22.745098114013672	0.10583333671092987	97.5372314453125	
    2021-05-28 18:29:18.331	1228.25	7.0	1.5	17.254901885986328	0.10611110925674438	99.1912841796875	
    2021-05-28 18:29:18.882	1205.25	7.0	-11.5	16.47058868408203	0.10611110925674438	97.723388671875	
    2021-05-28 18:29:19.410	1074.0	6.0	-4.5	16.47058868408203	0.1063888892531395	97.1099853515625	
    2021-05-28 18:29:19.952	1052.25	6.0	1.0	15.686274528503418	0.1066666692495346	95.98388671875	
    2021-05-28 18:29:20.491	1015.25	6.0	8.0	16.078432083129883	0.1066666692495346	95.98388671875	
    2021-05-28 18:29:21.032	1092.25	4.0	3.0	16.078432083129883	0.10694444179534912	98.5443115234375	
    2021-05-28 18:29:21.571	1100.0	3.0	0.5	16.47058868408203	0.10694444179534912	97.10693359375	
    2021-05-28 18:29:22.111	1095.75	2.0	-0.5	16.47058868408203	0.10722222179174423	95.95947265625	
    2021-05-28 18:29:22.652	1095.5	1.0	0.0	16.47058868408203	0.10722222179174423	95.95947265625	
    2021-05-28 18:29:23.191	1103.25	1.0	-2.5	17.254901885986328	0.10750000178813934	96.600341796875	
    2021-05-28 18:29:23.731	1163.25	0.0	14.0	17.647058486938477	0.10750000178813934	95.7733154296875	
    2021-05-28 18:29:24.270	1171.0	0.0	10.5	18.039215087890625	0.10777777433395386	98.187255859375	
    2021-05-28 18:29:24.812	1178.75	0.0	6.0	18.431371688842773	0.10777777433395386	95.867919921875	
    2021-05-28 18:29:25.351	1211.75	0.0	-1.0	18.823530197143555	0.10805555433034897	94.9981689453125	
    2021-05-28 18:29:25.892	1198.75	0.0	0.0	18.431371688842773	0.10805555433034897	95.78857421875	
    2021-05-28 18:29:26.432	1200.25	0.0	0.5	18.823530197143555	0.10833333432674408	94.4854736328125	
    2021-05-28 18:29:26.973	1193.5	0.0	-1.0	18.823530197143555	0.10833333432674408	93.0450439453125	
    2021-05-28 18:29:27.511	1233.5	0.0	-6.5	18.823530197143555	0.10861111432313919	97.015380859375	
    2021-05-28 18:29:28.053	1297.5	0.0	-6.0	18.431371688842773	0.1088888868689537	98.3795166015625	
    2021-05-28 18:29:28.591	1321.0	0.0	-5.0	18.431371688842773	0.1088888868689537	99.51171875	
    2021-05-28 18:29:29.130	1274.25	0.0	-6.0	18.431371688842773	0.10916666686534882	100.6103515625	
    2021-05-28 18:29:29.671	1242.0	0.0	-4.5	18.431371688842773	0.10916666686534882	97.0428466796875	
    2021-05-28 18:29:30.211	1238.75	0.0	-7.0	18.431371688842773	0.10944444686174393	99.6368408203125	
    2021-05-28 18:29:30.751	1264.5	0.0	-6.5	18.431371688842773	0.10944444686174393	100.89111328125	
    2021-05-28 18:29:31.412	1201.25	0.0	-3.0	16.86274528503418	0.10972221940755844	97.344970703125	
    2021-05-28 18:29:32.070	1216.75	0.0	-2.0	16.47058868408203	0.10999999940395355	100.0213623046875	
    2021-05-28 18:29:32.643	1128.75	0.0	5.0	16.47058868408203	0.10999999940395355	100.8026123046875	
    2021-05-28 18:29:33.184	1097.5	0.0	5.0	16.47058868408203	0.11027777940034866	98.4619140625	
    2021-05-28 18:29:33.721	1071.0	0.0	6.5	16.86274528503418	0.11027777940034866	98.4619140625	
    2021-05-28 18:29:34.261	1065.75	0.0	4.5	16.86274528503418	0.11055555194616318	101.129150390625	
    2021-05-28 18:29:34.803	1066.75	0.0	4.5	16.86274528503418	0.11055555194616318	101.8310546875	
    