"Time [s]"	"Calculated Load Value"	"Coolant Temperature"	"Short term secondary oxygen sensor trim bank 1"	"Long term secondary oxygen sensor trim bank 1"	"Intake Manifold Pressure"	"Engine RPM"	"Vehicle Speed"	"Timing Advance (Cyl. #1)"	"Intake Air Temperature"	"Absolute Throttle Position"	"O2 Sensor B1S1 lambda"	"O2 Sensor Voltage B1S1"	"O2 Sensor B1S2 lambda"	"O2 Sensor Voltage B1S2"	"Time Since Engine Start"	"Distance since MIL activated"	"Commanded Evaporative Purge"	"Fuel Level Input"	"Distance since ECU reset"	"Barometric Pressure (absolute)"	"CAT Temperature B1S1"	"ECU voltage"	"Absolute Engine Load"	"Commanded Equivalence Ratio"	"Ambient Air Temperature"	"Comm. Throttle Actuator Cntrl"	"Ethanol fuel %"	
2021-05-28 17:28:21.671	0.0	27.0	0.0	-1.5625	90.0	0.0	0.0	0.0	29.0	22.745098114013672	375.0	0.0	380.0	99.21875	0.0	0.0	0.0	87.8431396484375	3647.0	90.0	27.899999618530273	11.890999794006348	0.0	89.7918701171875	27.0	9.803921699523926	52.54901885986328	
2021-05-28 17:28:25.239	0.0	27.0	0.0	-1.5625	90.0	0.0	0.0	0.0	29.0	22.745098114013672	375.0	0.0	380.0	99.21875	0.0	0.0	0.0	87.8431396484375	3647.0	90.0	27.899999618530273	11.890999794006348	0.0	89.7918701171875	27.0	9.803921699523926	52.54901885986328	
2021-05-28 17:28:28.871	0.0	27.0	0.0	-1.5625	90.0	0.0	0.0	0.0	29.0	22.745098114013672	380.0	0.0	380.0	99.21875	0.0	0.0	0.0	87.8431396484375	3647.0	90.0	27.899999618530273	11.890999794006348	0.0	89.7918701171875	27.0	9.803921699523926	52.54901885986328	
2021-05-28 17:28:32.457	0.0	27.0	0.0	-1.5625	90.0	0.0	0.0	0.0	29.0	22.745098114013672	375.0	0.0	380.0	99.21875	0.0	0.0	0.0	87.8431396484375	3647.0	90.0	27.899999618530273	11.890999794006348	0.0	89.7918701171875	27.0	9.803921699523926	52.54901885986328	
2021-05-28 17:28:39.373	0.0	27.0	0.0	-1.5625	90.0	0.0	0.0	0.0	29.0	22.745098114013672	380.0	0.0	380.0	99.21875	0.0	0.0	0.0	87.45098114013672	3647.0	90.0	27.899999618530273	11.890999794006348	0.0	89.788818359375	27.0	9.803921699523926	52.54901885986328	
2021-05-28 17:28:42.941	0.0	27.0	0.0	-1.5625	90.0	0.0	0.0	0.0	29.0	22.745098114013672	375.0	0.0	380.0	99.21875	0.0	0.0	0.0	87.45098114013672	3647.0	90.0	27.899999618530273	11.890999794006348	0.0	89.788818359375	27.0	9.803921699523926	52.54901885986328	
2021-05-28 17:28:53.441	0.0	27.0	0.0	-1.5625	90.0	0.0	0.0	0.0	29.0	22.745098114013672	380.0	0.0	380.0	99.21875	0.0	0.0	0.0	87.8431396484375	3647.0	90.0	27.899999618530273	11.890999794006348	0.0	89.7918701171875	27.0	9.803921699523926	52.54901885986328	
2021-05-28 17:28:56.932	0.0	27.0	0.0	-1.5625	90.0	0.0	0.0	0.0	29.0	22.745098114013672	375.0	0.0	380.0	99.21875	0.0	0.0	0.0	87.8431396484375	3647.0	90.0	27.899999618530273	11.890999794006348	0.0	89.7918701171875	27.0	9.803921699523926	52.54901885986328	
2021-05-28 17:29:04.006	0.0	27.0	0.0	-1.5625	90.0	0.0	0.0	0.0	29.0	22.745098114013672	380.0	0.0	380.0	99.21875	0.0	0.0	0.0	87.8431396484375	3647.0	90.0	27.899999618530273	11.890999794006348	0.0	89.7918701171875	27.0	9.803921699523926	52.54901885986328	
2021-05-28 17:29:07.542	0.0	27.0	0.0	-1.5625	90.0	0.0	0.0	0.0	29.0	22.745098114013672	375.0	0.0	380.0	99.21875	0.0	0.0	0.0	87.8431396484375	3647.0	90.0	27.899999618530273	11.890999794006348	0.0	89.7918701171875	27.0	9.803921699523926	52.54901885986328	
2021-05-28 17:29:11.051	0.0	27.0	0.0	-1.5625	90.0	0.0	0.0	0.0	29.0	22.745098114013672	380.0	0.0	380.0	99.21875	0.0	0.0	0.0	87.45098114013672	3647.0	90.0	27.899999618530273	11.890999794006348	0.0	89.7918701171875	27.0	9.803921699523926	52.54901885986328	
2021-05-28 17:29:14.686	0.0	27.0	0.0	-1.5625	90.0	0.0	0.0	0.0	29.0	22.745098114013672	375.0	0.0	380.0	99.21875	0.0	0.0	0.0	87.8431396484375	3647.0	90.0	27.899999618530273	11.890999794006348	0.0	89.788818359375	27.0	9.803921699523926	52.54901885986328	
2021-05-28 17:29:21.732	0.0	27.0	0.0	-1.5625	90.0	0.0	0.0	0.0	29.0	22.745098114013672	380.0	0.0	380.0	99.21875	0.0	0.0	0.0	87.45098114013672	3647.0	90.0	27.899999618530273	11.890999794006348	0.0	89.788818359375	27.0	9.803921699523926	52.54901885986328	
2021-05-28 17:29:25.360	0.0	27.0	0.0	-1.5625	90.0	0.0	0.0	0.0	29.0	22.745098114013672	375.0	0.0	380.0	99.21875	0.0	0.0	0.0	87.8431396484375	3647.0	90.0	27.899999618530273	11.890999794006348	0.0	89.78271484375	27.0	9.803921699523926	52.54901885986328	
2021-05-28 17:29:28.902	0.0	27.0	0.0	-1.5625	90.0	0.0	0.0	0.0	29.0	22.745098114013672	380.0	0.0	380.0	99.21875	0.0	0.0	0.0	87.45098114013672	3647.0	90.0	27.899999618530273	11.890999794006348	0.0	89.788818359375	27.0	9.803921699523926	52.54901885986328	
2021-05-28 17:29:32.624	0.0	27.0	0.0	-1.5625	90.0	0.0	0.0	0.0	29.0	22.745098114013672	375.0	0.0	380.0	99.21875	0.0	0.0	0.0	87.45098114013672	3647.0	90.0	27.899999618530273	11.890999794006348	0.0	89.78271484375	27.0	9.803921699523926	52.54901885986328	
2021-05-28 17:29:36.132	0.0	27.0	0.0	-1.5625	90.0	0.0	0.0	0.0	29.0	22.745098114013672	380.0	0.0	380.0	99.21875	0.0	0.0	0.0	87.8431396484375	3647.0	90.0	27.899999618530273	11.890999794006348	0.0	89.78271484375	27.0	9.803921699523926	52.54901885986328	
2021-05-28 17:29:39.644	0.0	27.0	0.0	-1.5625	90.0	0.0	0.0	0.0	29.0	22.745098114013672	375.0	0.0	380.0	99.21875	0.0	0.0	0.0	87.45098114013672	3647.0	90.0	27.899999618530273	11.890999794006348	0.0	89.788818359375	27.0	9.803921699523926	52.54901885986328	
2021-05-28 17:29:43.421	0.0	27.0	0.0	-1.5625	90.0	0.0	0.0	0.0	29.0	22.745098114013672	380.0	0.0	380.0	99.21875	0.0	0.0	0.0	87.8431396484375	3647.0	90.0	27.899999618530273	11.890999794006348	0.0	89.78271484375	27.0	9.803921699523926	52.54901885986328	
2021-05-28 17:29:50.676	0.0	27.0	0.0	-1.5625	90.0	0.0	0.0	0.0	29.0	22.745098114013672	375.0	0.0	380.0	99.21875	0.0	0.0	0.0	87.45098114013672	3647.0	90.0	27.899999618530273	11.890999794006348	0.0	89.78271484375	27.0	9.803921699523926	52.54901885986328	
2021-05-28 17:29:55.630	0.0	27.0	0.0	-1.5625	90.0	0.0	0.0	0.0	29.0	22.745098114013672	380.0	0.0	380.0	99.21875	0.0	0.0	0.0	87.8431396484375	3647.0	90.0	27.899999618530273	11.890999794006348	0.0	89.776611328125	27.0	9.803921699523926	52.54901885986328	
2021-05-28 17:29:57.881	0.0	27.0	0.0	-1.5625	90.0	0.0	0.0	0.0	29.0	22.745098114013672	375.0	0.0	380.0	99.21875	0.0	0.0	0.0	87.45098114013672	3647.0	90.0	27.899999618530273	11.890999794006348	0.0	89.776611328125	27.0	9.803921699523926	52.54901885986328	
2021-05-28 17:30:05.098	0.0	27.0	0.0	-1.5625	87.0	212.0	0.0	14.0	29.0	17.254901885986328	380.0	0.0	380.0	99.21875	0.0	0.0	0.0	87.8431396484375	3647.0	90.0	27.899999618530273	11.890999794006348	0.0	89.7796630859375	27.0	9.803921699523926	52.54901885986328	
2021-05-28 17:30:07.539	32.156864166259766	27.0	0.0	-1.5625	37.0	1279.75	0.0	5.0	28.0	16.86274528503418	375.0	0.0	380.0	99.21875	0.0	0.0	0.0	85.49019622802734	3647.0	90.0	28.200000762939453	11.63700008392334	21.960784912109375	95.452880859375	27.0	9.411765098571777	52.54901885986328	
2021-05-28 17:30:09.911	32.54901885986328	27.0	0.0	-1.5625	38.0	1304.5	0.0	5.0	28.0	18.823530197143555	380.0	0.0	380.0	99.21875	5.555555690079927E-4	0.0	0.0	85.49019622802734	3647.0	90.0	30.600000381469727	12.170999526977539	20.0	98.1201171875	27.0	9.019607543945312	52.54901885986328	
2021-05-28 17:30:12.254	41.17647171020508	27.0	0.0	-1.5625	45.0	1319.5	0.0	5.0	28.0	19.215686798095703	375.0	0.0	380.0	99.21875	0.0011111111380159855	0.0	0.0	85.88235473632812	3647.0	90.0	34.29999923706055	13.520999908447266	24.3137264251709	98.3734130859375	27.0	11.372549057006836	52.54901885986328	
2021-05-28 17:30:14.621	38.431373596191406	28.0	0.0	-1.5625	40.0	1278.75	0.0	5.5	28.0	18.039215087890625	390.0	0.0	380.0	99.21875	0.0019444444915279746	0.0	0.0	85.09803771972656	3647.0	90.0	39.5	14.411999702453613	25.098039627075195	98.748779296875	27.0	10.196078300476074	52.54901885986328	
2021-05-28 17:30:16.932	36.86274337768555	28.0	0.0	-1.5625	40.0	1255.25	0.0	7.0	28.0	18.039215087890625	515.0	0.0	380.0	99.21875	0.0024999999441206455	0.0	0.0	85.49019622802734	3647.0	90.0	45.5	14.437999725341797	23.52941131591797	99.21875	27.0	9.803921699523926	52.54901885986328	
2021-05-28 17:30:19.272	36.86274337768555	29.0	0.0	-1.5625	40.0	1248.0	0.0	7.0	28.0	18.039215087890625	730.0	0.0	380.0	99.21875	0.0030555555131286383	0.0	0.0	85.88235473632812	3647.0	90.0	51.5	14.48900032043457	23.52941131591797	99.6734619140625	27.0	9.803921699523926	52.54901885986328	
2021-05-28 17:30:21.820	37.25490188598633	29.0	-3.125	-1.5625	40.0	1239.0	0.0	7.5	29.0	18.039215087890625	835.0	0.0	380.0	99.21875	0.003888888983055949	0.0	0.0	85.49019622802734	3647.0	90.0	57.79999923706055	14.411999702453613	23.52941131591797	101.6265869140625	27.0	9.803921699523926	52.54901885986328	
2021-05-28 17:30:26.321	37.64706039428711	30.0	0.0	-1.5625	42.0	1248.0	0.0	6.5	29.0	18.039215087890625	705.0	-3.90625	380.0	99.21875	0.004444444552063942	0.0	0.0	85.88235473632812	3647.0	90.0	65.5	14.513999938964844	23.921567916870117	102.764892578125	27.0	9.803921699523926	52.54901885986328	
2021-05-28 17:30:28.750	37.25490188598633	30.0	-0.78125	-1.5625	42.0	1251.75	0.0	7.0	29.0	18.039215087890625	720.0	1.5625	385.0	99.21875	0.005833333358168602	0.0	0.0	85.88235473632812	3647.0	90.0	77.19999694824219	14.38700008392334	23.52941131591797	101.11083984375	27.0	9.803921699523926	52.54901885986328	
2021-05-28 17:30:31.093	37.25490188598633	31.0	-1.5625	-1.5625	42.0	1249.5	0.0	7.5	29.0	18.039215087890625	225.0	0.78125	380.0	99.21875	0.006388888694345951	0.0	0.0	85.49019622802734	3647.0	90.0	84.19999694824219	14.38700008392334	23.52941131591797	100.4791259765625	27.0	9.803921699523926	52.54901885986328	
2021-05-28 17:30:33.661	37.64706039428711	32.0	-0.78125	-1.5625	41.0	1233.75	0.0	8.0	29.0	18.039215087890625	180.0	0.78125	380.0	99.21875	0.007222222164273262	0.0	0.0	85.88235473632812	3647.0	90.0	90.9000015258789	14.28499984741211	23.921567916870117	97.35107421875	27.0	9.803921699523926	52.54901885986328	
2021-05-28 17:30:36.174	37.64706039428711	32.0	-0.78125	-1.5625	42.0	1227.75	0.0	9.0	29.0	18.039215087890625	230.0	1.5625	380.0	99.21875	0.007777777966111898	0.0	0.0	85.88235473632812	3647.0	90.0	100.19999694824219	14.336000442504883	23.921567916870117	99.25537109375	27.0	9.803921699523926	52.54901885986328	
2021-05-28 17:30:38.653	38.039215087890625	33.0	0.0	-1.5625	41.0	1241.0	0.0	7.5	29.0	18.039215087890625	150.0	1.5625	380.0	99.21875	0.008611110970377922	0.0	0.0	85.88235473632812	3647.0	90.0	109.80000305175781	14.336000442504883	24.3137264251709	98.91357421875	27.0	9.803921699523926	52.54901885986328	
2021-05-28 17:30:41.083	38.431373596191406	33.0	1.5625	-1.5625	43.0	1229.5	0.0	6.5	29.0	18.039215087890625	285.0	2.34375	380.0	99.21875	0.009166666306555271	0.0	0.0	85.88235473632812	3647.0	90.0	120.0	14.361000061035156	24.3137264251709	99.7589111328125	27.0	9.803921699523926	52.54901885986328	
2021-05-28 17:30:43.540	38.431373596191406	34.0	1.5625	-1.5625	41.0	1221.5	0.0	7.5	29.0	18.039215087890625	405.0	2.34375	380.0	99.21875	0.009999999776482582	0.0	0.0	87.05882263183594	3647.0	90.0	128.6999969482422	14.336000442504883	24.3137264251709	99.2919921875	27.0	9.803921699523926	52.54901885986328	
2021-05-28 17:30:45.911	38.431373596191406	34.0	0.0	-1.5625	41.0	1199.25	0.0	8.0	29.0	18.039215087890625	385.0	2.34375	380.0	99.21875	0.010555555112659931	0.0	0.0	85.88235473632812	3647.0	90.0	137.89999389648438	14.336000442504883	24.3137264251709	98.6602783203125	27.0	9.803921699523926	52.54901885986328	
2021-05-28 17:30:48.341	38.431373596191406	35.0	0.78125	-1.5625	43.0	1193.25	0.0	7.5	29.0	18.039215087890625	145.0	2.34375	380.0	99.21875	0.011111111380159855	0.0	0.0	85.88235473632812	3647.0	90.0	146.39999389648438	14.336000442504883	24.3137264251709	95.9320068359375	27.0	9.803921699523926	52.54901885986328	
2021-05-28 17:30:51.533	38.82352828979492	36.0	0.78125	-1.5625	41.0	1183.5	0.0	8.0	29.0	18.039215087890625	160.0	2.34375	380.0	99.21875	0.011944444850087166	0.0	0.0	85.88235473632812	3647.0	90.0	154.6999969482422	14.361000061035156	24.3137264251709	95.8953857421875	27.0	9.803921699523926	52.54901885986328	
2021-05-28 17:30:54.651	38.82352828979492	36.0	2.34375	-1.5625	43.0	1175.25	0.0	7.0	29.0	18.039215087890625	115.0	3.125	380.0	99.21875	0.012777777388691902	0.0	0.0	87.45098114013672	3647.0	90.0	166.39999389648438	14.260000228881836	24.3137264251709	98.15673828125	27.0	9.411765098571777	52.54901885986328	
2021-05-28 17:30:57.249	39.2156867980957	37.0	3.125	-1.5625	43.0	1176.25	0.0	7.0	29.0	18.039215087890625	775.0	4.6875	380.0	99.21875	0.013611110858619213	0.0	0.0	85.49019622802734	3647.0	90.0	176.0	14.3100004196167	24.3137264251709	98.7884521484375	27.0	9.411765098571777	52.54901885986328	
2021-05-28 17:31:01.111	39.60784149169922	37.0	3.125	-1.5625	42.0	1163.25	0.0	7.0	28.0	18.039215087890625	710.0	4.6875	380.0	99.21875	0.014444444328546524	0.0	0.0	85.88235473632812	3647.0	90.0	183.5	14.411999702453613	24.3137264251709	98.4527587890625	27.0	9.411765098571777	52.54901885986328	
2021-05-28 17:31:05.125	39.60784149169922	39.0	4.6875	-1.5625	43.0	1158.75	0.0	7.5	28.0	17.647058486938477	445.0	1.5625	380.0	99.21875	0.015555555932223797	0.0	0.0	85.49019622802734	3647.0	90.0	198.60000610351562	14.3100004196167	24.705883026123047	96.1578369140625	27.0	9.803921699523926	52.54901885986328	
2021-05-28 17:31:07.360	40.0	39.0	5.46875	-1.5625	44.0	1165.0	0.0	6.5	28.0	17.647058486938477	560.0	1.5625	380.0	99.21875	0.01666666753590107	0.0	0.0	86.66666412353516	3647.0	90.0	206.1999969482422	14.38700008392334	24.705883026123047	94.4122314453125	27.0	9.803921699523926	52.54901885986328	
2021-05-28 17:31:09.731	40.0	40.0	5.46875	-1.5625	42.0	1153.5	0.0	6.5	28.0	18.039215087890625	755.0	2.34375	380.0	99.21875	0.017222221940755844	0.0	0.0	86.2745132446289	3647.0	90.0	212.60000610351562	14.3100004196167	25.098039627075195	94.9310302734375	27.0	9.411765098571777	52.54901885986328	
2021-05-28 17:31:11.952	40.0	40.0	6.25	-1.5625	43.0	1135.0	0.0	8.0	28.0	17.647058486938477	555.0	2.34375	380.0	99.21875	0.017777778208255768	0.0	0.0	87.45098114013672	3647.0	90.0	218.8000030517578	14.3100004196167	25.098039627075195	94.073486328125	27.0	9.411765098571777	52.54901885986328	
2021-05-28 17:31:14.139	40.0	40.0	3.125	-1.5625	42.0	1140.25	0.0	7.0	28.0	18.039215087890625	315.0	4.6875	380.0	99.21875	0.018333332613110542	0.0	0.0	85.88235473632812	3647.0	90.0	224.8000030517578	14.411999702453613	25.098039627075195	93.8201904296875	27.0	9.803921699523926	52.54901885986328	
2021-05-28 17:31:16.393	40.0	41.0	7.03125	-1.5625	42.0	1145.0	0.0	5.5	28.0	17.647058486938477	205.0	4.6875	380.0	99.21875	0.018888888880610466	0.0	0.0	87.45098114013672	3647.0	90.0	230.10000610351562	14.411999702453613	25.098039627075195	93.3563232421875	27.0	9.411765098571777	52.54901885986328	
2021-05-28 17:31:18.645	40.0	41.0	3.90625	-1.5625	43.0	1141.0	0.0	6.5	28.0	17.647058486938477	590.0	3.125	380.0	99.21875	0.019722221419215202	0.0	0.0	86.2745132446289	3647.0	90.0	235.8000030517578	14.3100004196167	24.705883026123047	93.524169921875	27.0	9.411765098571777	52.54901885986328	
2021-05-28 17:31:21.102	40.39215850830078	42.0	7.03125	-1.5625	43.0	1152.75	0.0	3.0	28.0	17.647058486938477	805.0	3.125	380.0	99.21875	0.020277777686715126	0.0	0.0	87.45098114013672	3647.0	90.0	241.39999389648438	14.28499984741211	24.705883026123047	94.47021484375	27.0	9.411765098571777	52.54901885986328	
2021-05-28 17:31:23.350	42.35293960571289	42.0	3.125	-1.5625	46.0	1143.5	1.0	21.5	28.0	18.431371688842773	855.0	3.90625	380.0	99.21875	0.021111110225319862	0.0	0.0	87.45098114013672	3647.0	90.0	247.10000610351562	14.361000061035156	25.490196228027344	97.9400634765625	27.0	9.803921699523926	52.54901885986328	
2021-05-28 17:31:25.628	44.313724517822266	43.0	4.6875	-1.5625	49.0	1168.75	0.0	9.5	28.0	18.431371688842773	695.0	5.46875	380.0	99.21875	0.021666666492819786	0.0	0.0	85.09803771972656	3647.0	90.0	252.5	14.28499984741211	27.843137741088867	96.1944580078125	27.0	10.196078300476074	52.54901885986328	
2021-05-28 17:31:28.091	45.882354736328125	43.0	7.8125	-1.5625	50.0	1173.5	1.0	7.0	28.0	18.823530197143555	795.0	2.34375	380.0	99.21875	0.02222222276031971	0.0	0.0	79.21568298339844	3647.0	90.0	257.8999938964844	14.361000061035156	28.235294342041016	93.267822265625	27.0	10.980392456054688	52.54901885986328	
2021-05-28 17:31:30.400	45.09803771972656	43.0	7.03125	-1.5625	49.0	1095.5	1.0	5.5	28.0	18.431371688842773	135.0	6.25	380.0	99.21875	0.023055555298924446	0.0	0.0	85.09803771972656	3647.0	90.0	263.5	14.3100004196167	28.627450942993164	95.5413818359375	27.0	10.588234901428223	52.54901885986328	
2021-05-28 17:31:32.711	46.27450942993164	44.0	9.375	-1.5625	48.0	1120.25	0.0	4.5	28.0	18.431371688842773	820.0	8.59375	380.0	99.21875	0.02361111156642437	0.0	0.0	94.11764526367188	3647.0	90.0	268.6000061035156	14.3100004196167	28.627450942993164	92.05322265625	27.0	10.588234901428223	52.54901885986328	
2021-05-28 17:31:34.959	43.52941131591797	44.0	7.03125	-1.5625	52.0	1035.5	2.0	10.5	28.0	18.431371688842773	230.0	10.15625	380.0	99.21875	0.024166665971279144	0.0	0.0	79.21568298339844	3647.0	90.0	273.70001220703125	14.28499984741211	27.843137741088867	92.2515869140625	27.0	9.803921699523926	52.54901885986328	
2021-05-28 17:31:37.211	46.66666793823242	45.0	6.25	-1.5625	49.0	1103.0	0.0	5.0	28.0	18.431371688842773	900.0	6.25	380.0	99.21875	0.024722222238779068	0.0	0.0	80.0	3647.0	90.0	278.5	14.260000228881836	29.41176414489746	95.61767578125	27.0	10.196078300476074	52.54901885986328	
2021-05-28 17:31:39.459	47.843135833740234	45.0	10.15625	-1.5625	51.0	1225.5	4.0	-3.5	28.0	19.215686798095703	75.0	7.03125	380.0	99.21875	0.025555554777383804	0.0	0.0	97.2549057006836	3647.0	90.0	283.1000061035156	14.361000061035156	29.019607543945312	91.2933349609375	27.0	10.588234901428223	52.54901885986328	
2021-05-28 17:31:41.830	49.80392074584961	46.0	6.25	-1.5625	52.0	1230.0	2.0	-2.5	28.0	18.823530197143555	900.0	7.03125	375.0	99.21875	0.026111111044883728	0.0	0.0	80.0	3647.0	90.0	288.20001220703125	14.3100004196167	30.980392456054688	96.4569091796875	27.0	11.372549057006836	52.54901885986328	
2021-05-28 17:31:44.085	86.66666412353516	46.0	3.90625	0.0	63.0	1998.25	0.0	16.0	28.0	22.745098114013672	805.0	8.59375	380.0	99.21875	0.02666666731238365	0.0	0.0	80.39215850830078	3647.0	90.0	293.6000061035156	14.28499984741211	29.41176414489746	93.0450439453125	27.0	19.215686798095703	52.54901885986328	
2021-05-28 17:31:46.329	48.6274528503418	47.0	0.78125	-1.5625	36.0	1429.25	0.0	1.0	28.0	17.254901885986328	815.0	0.78125	380.0	99.21875	0.027222221717238426	0.0	0.0	82.7450942993164	3647.0	90.0	302.5	13.444999694824219	23.921567916870117	96.258544921875	27.0	10.588234901428223	52.54901885986328	
2021-05-28 17:31:48.580	33.33333206176758	47.0	0.0	-1.5625	36.0	1144.5	0.0	15.5	28.0	17.254901885986328	70.0	2.34375	380.0	99.21875	0.028055556118488312	0.0	0.0	79.60784149169922	3647.0	90.0	308.29998779296875	12.732000350952148	19.60784339904785	98.785400390625	27.0	7.450980186462402	52.54901885986328	
2021-05-28 17:31:50.918	46.66666793823242	47.0	0.0	-1.5625	52.0	1416.75	4.0	9.0	28.0	20.784313201904297	865.0	-0.78125	380.0	99.21875	0.028611110523343086	0.0	0.0	85.49019622802734	3647.0	90.0	313.6000061035156	13.138999938964844	25.882352828979492	102.9022216796875	27.0	13.72549057006836	52.54901885986328	
2021-05-28 17:31:53.109	49.80392074584961	48.0	2.34375	-1.5625	49.0	1747.25	11.0	28.0	28.0	20.784313201904297	895.0	2.34375	380.0	99.21875	0.02916666679084301	0.0	0.0	82.35294342041016	3647.0	90.0	320.1000061035156	13.800999641418457	34.117645263671875	99.10888671875	27.0	13.333333015441895	52.54901885986328	
2021-05-28 17:31:55.390	25.098039627075195	48.0	4.6875	-1.5625	27.0	1874.5	12.0	21.5	28.0	18.039215087890625	65.0	4.6875	375.0	99.21875	0.029722223058342934	0.0	0.0	80.0	3647.0	90.0	326.1000061035156	14.38700008392334	20.39215660095215	91.8792724609375	27.0	9.411765098571777	52.54901885986328	
2021-05-28 17:31:57.670	30.19607925415039	49.0	1.5625	-1.5625	35.0	1278.5	9.0	8.0	28.0	17.647058486938477	915.0	3.125	380.0	99.21875	0.03055555559694767	0.0	0.0	82.7450942993164	3647.0	90.0	330.6000061035156	14.361000061035156	18.431371688842773	97.430419921875	27.0	8.627450942993164	52.54901885986328	
2021-05-28 17:31:59.918	39.2156867980957	49.0	-1.5625	-1.5625	45.0	1128.0	6.0	19.5	28.0	21.960784912109375	920.0	0.78125	380.0	99.21875	0.031111111864447594	0.0	0.0	73.33333587646484	3647.0	90.0	334.29998779296875	14.3100004196167	22.745098114013672	100.2471923828125	27.0	9.411765098571777	52.54901885986328	
2021-05-28 17:32:02.529	73.7254867553711	50.0	-3.125	-1.5625	72.0	1229.0	13.0	19.5	29.0	17.254901885986328	915.0	-3.125	380.0	99.21875	0.03166666626930237	0.0	0.0	85.09803771972656	3647.0	90.0	340.1000061035156	13.82699966430664	43.52941131591797	100.457763671875	27.0	15.686274528503418	52.54901885986328	
2021-05-28 17:32:04.838	27.45098114013672	50.0	-0.78125	-1.5625	31.0	1285.0	14.0	7.0	28.0	15.686274528503418	785.0	-5.46875	380.0	99.21875	0.032499998807907104	0.0	3.9215686321258545	79.21568298339844	3647.0	90.0	346.3999938964844	12.859000205993652	19.60784339904785	101.226806640625	27.0	6.666666507720947	52.54901885986328	
2021-05-28 17:32:07.121	27.058822631835938	51.0	-2.34375	-1.5625	30.0	1111.5	12.0	3.5	28.0	15.686274528503418	260.0	0.0	380.0	99.21875	0.03305555507540703	0.0	5.882352828979492	84.70587921142578	3647.0	90.0	349.8999938964844	12.807999610900879	16.078432083129883	101.531982421875	27.0	6.274509906768799	52.54901885986328	
2021-05-28 17:32:09.370	41.17647171020508	51.0	-4.6875	-1.5625	44.0	1108.5	9.0	2.5	28.0	18.039215087890625	855.0	-3.125	380.0	99.21875	0.033888887614011765	0.0	5.882352828979492	87.8431396484375	3647.0	90.0	352.5	13.062999725341797	21.960784912109375	103.79638671875	27.0	8.235294342041016	52.54901885986328	
2021-05-28 17:32:11.620	45.09803771972656	51.0	-1.5625	-1.5625	49.0	1100.0	5.0	4.0	28.0	18.431371688842773	80.0	-3.90625	380.0	99.21875	0.03444444388151169	0.0	7.058823585510254	80.0	3647.0	90.0	355.29998779296875	13.699000358581543	27.45098114013672	101.7791748046875	27.0	10.196078300476074	52.54901885986328	
2021-05-28 17:32:13.870	58.039215087890625	52.0	1.5625	0.0	59.0	1958.75	7.0	26.5	29.0	23.52941131591797	45.0	0.0	380.0	99.21875	0.03500000014901161	0.0	7.058823585510254	70.5882339477539	3647.0	90.0	358.0	14.3100004196167	42.74509811401367	97.9705810546875	27.0	13.72549057006836	52.54901885986328	
2021-05-28 17:32:16.128	98.82353210449219	52.0	-2.34375	2.34375	90.0	1686.25	19.0	19.5	29.0	34.509803771972656	50.0	1.5625	380.0	99.21875	0.035555556416511536	0.0	11.764705657958984	90.19607543945312	3647.0	90.0	364.79998779296875	13.394000053405762	51.764705657958984	99.2919921875	27.0	26.66666603088379	52.54901885986328	
2021-05-28 17:32:18.372	25.882352828979492	52.0	3.125	-1.5625	30.0	1892.75	24.0	5.5	27.0	17.647058486938477	75.0	-0.78125	380.0	99.21875	0.03638888895511627	0.0	20.784313201904297	82.7450942993164	3647.0	90.0	376.79998779296875	12.859000205993652	25.882352828979492	98.2574462890625	27.0	10.980392456054688	52.54901885986328	
2021-05-28 17:32:20.826	27.058822631835938	53.0	-0.78125	-1.5625	26.0	1496.0	26.0	18.5	27.0	15.686274528503418	120.0	0.0	380.0	99.21875	0.036944445222616196	0.0	0.0	90.5882339477539	3647.0	90.0	381.6000061035156	12.833999633789062	18.823530197143555	93.8018798828125	27.0	7.843137264251709	52.54901885986328	
2021-05-28 17:32:23.711	28.627450942993164	54.0	-1.5625	-1.5625	46.0	1065.75	16.0	-1.0	28.0	17.254901885986328	870.0	2.34375	380.0	99.21875	0.03750000149011612	0.0	0.0	82.7450942993164	3647.0	90.0	385.29998779296875	13.138999938964844	13.333333015441895	100.3875732421875	27.0	7.058823585510254	52.54901885986328	
2021-05-28 17:32:26.051	42.74509811401367	54.0	0.0	-1.5625	46.0	1085.0	6.0	0.5	28.0	18.039215087890625	920.0	-3.125	380.0	99.21875	0.038333334028720856	0.0	0.0	82.7450942993164	3647.0	90.0	388.3999938964844	14.029999732971191	26.27450942993164	100.5218505859375	27.0	9.411765098571777	52.54901885986328	
2021-05-28 17:32:28.303	45.882354736328125	54.0	3.90625	-1.5625	65.0	1598.5	5.0	0.0	28.0	19.60784339904785	65.0	0.78125	380.0	99.21875	0.03888889029622078	0.0	5.490196228027344	82.35294342041016	3647.0	90.0	390.79998779296875	14.3100004196167	28.235294342041016	97.00927734375	27.0	9.803921699523926	52.54901885986328	
2021-05-28 17:32:30.549	52.54901885986328	55.0	5.46875	-1.5625	61.0	1256.0	7.0	21.5	28.0	19.60784339904785	825.0	0.78125	375.0	99.21875	0.039722222834825516	0.0	7.843137264251709	70.19607543945312	3647.0	90.0	394.1000061035156	13.725000381469727	25.882352828979492	95.6024169921875	27.0	14.117647171020508	52.54901885986328	
2021-05-28 17:32:33.100	86.2745132446289	55.0	-0.78125	-0.78125	73.0	1360.75	15.0	-1.0	28.0	19.60784339904785	880.0	0.0	380.0	99.21875	0.04027777910232544	0.0	9.019607543945312	93.7254867553711	3647.0	90.0	397.79998779296875	12.782999992370605	40.7843132019043	103.7750244140625	27.0	13.72549057006836	52.54901885986328	
2021-05-28 17:32:35.351	84.70587921142578	55.0	3.90625	0.0	73.0	1633.25	18.0	16.0	28.0	24.3137264251709	810.0	-3.90625	380.0	99.21875	0.041111111640930176	0.0	10.588234901428223	87.45098114013672	3647.0	90.0	401.8999938964844	12.807999610900879	35.686275482177734	98.2391357421875	27.0	18.823530197143555	52.54901885986328	
2021-05-28 17:32:37.571	50.19607925415039	56.0	6.25	-1.5625	50.0	2011.25	22.0	29.0	28.0	22.352941513061523	760.0	-2.34375	380.0	99.21875	0.0416666679084301	0.0	14.901960372924805	87.45098114013672	3647.0	90.0	408.6000061035156	12.807999610900879	31.372549057006836	96.112060546875	27.0	15.29411792755127	52.54901885986328	
2021-05-28 17:32:39.787	63.52941131591797	57.0	0.78125	2.34375	62.0	2304.5	25.0	-4.0	28.0	18.039215087890625	585.0	1.5625	375.0	99.21875	0.042222220450639725	0.0	19.60784339904785	98.03921508789062	3647.0	90.0	415.29998779296875	13.444999694824219	33.72549057006836	95.9075927734375	27.0	20.0	52.54901885986328	
2021-05-28 17:32:42.008	94.90196228027344	57.0	0.0	1.5625	85.0	1534.5	26.0	17.0	28.0	37.64706039428711	10.0	0.0	380.0	99.21875	0.04277777671813965	0.0	0.0	85.09803771972656	3647.0	90.0	421.29998779296875	14.157999992370605	50.19607925415039	89.9993896484375	27.0	29.80392074584961	52.54901885986328	
2021-05-28 17:32:44.270	97.64705657958984	58.0	-1.5625	1.5625	85.0	1757.0	30.0	20.0	28.0	38.82352828979492	925.0	0.0	380.0	99.21875	0.04333333298563957	0.0	0.0	79.60784149169922	3647.0	90.0	430.29998779296875	14.38700008392334	61.17647171020508	95.88623046875	27.0	44.313724517822266	52.54901885986328	
2021-05-28 17:32:46.449	70.98039245605469	58.0	-2.34375	0.78125	68.0	1827.75	31.0	23.5	27.0	24.3137264251709	820.0	4.6875	380.0	99.21875	0.04416666552424431	0.0	3.1372549533843994	80.0	3647.0	90.0	445.5	14.38700008392334	52.156864166259766	103.314208984375	27.0	20.0	52.54901885986328	
2021-05-28 17:32:48.699	99.21568298339844	59.0	-1.5625	0.78125	85.0	1857.75	32.0	20.5	28.0	38.431373596191406	110.0	1.5625	380.0	99.21875	0.04472222179174423	0.0	7.058823585510254	82.35294342041016	3647.0	90.0	456.5	14.28499984741211	44.313724517822266	97.93701171875	27.0	30.980392456054688	52.54901885986328	
2021-05-28 17:32:50.947	65.49019622802734	60.0	0.78125	0.78125	90.0	1736.75	30.0	19.0	27.0	38.82352828979492	80.0	-1.5625	395.0	99.21875	0.045277778059244156	0.0	23.921567916870117	82.7450942993164	3647.0	90.0	469.1000061035156	14.28499984741211	40.39215850830078	104.595947265625	27.0	18.431371688842773	52.54901885986328	
2021-05-28 17:32:53.197	38.82352828979492	61.0	-7.8125	-1.5625	43.0	1207.75	16.0	1.0	27.0	16.86274528503418	860.0	-3.90625	510.0	99.21875	0.04583333432674408	0.0	59.60784149169922	70.19607543945312	3647.0	90.0	479.8999938964844	14.234000205993652	48.235294342041016	105.9967041015625	27.0	8.627450942993164	52.54901885986328	
2021-05-28 17:32:55.419	68.23529052734375	61.0	-6.25	-1.5625	43.0	965.75	6.0	14.5	27.0	23.921567916870117	145.0	-4.6875	655.0	99.21875	0.046666666865348816	0.0	19.60784339904785	93.7254867553711	3647.0	90.0	484.8999938964844	14.107000350952148	60.39215850830078	109.3505859375	27.0	19.215686798095703	52.54901885986328	
2021-05-28 17:32:57.578	91.37255096435547	62.0	-9.375	-1.5625	50.0	1306.5	0.0	-6.5	27.0	17.254901885986328	70.0	-4.6875	730.0	99.21875	0.04722222313284874	0.0	0.0	85.09803771972656	3647.0	90.0	490.5	13.062999725341797	56.86274337768555	108.380126953125	27.0	14.901960372924805	52.54901885986328	
2021-05-28 17:32:59.828	34.509803771972656	62.0	-5.46875	-1.5625	41.0	956.75	0.0	4.0	27.0	16.47058868408203	30.0	-7.8125	770.0	99.21875	0.04749999940395355	0.0	1.5686274766921997	73.33333587646484	3647.0	90.0	492.0	12.833999633789062	23.13725471496582	106.11572265625	27.0	7.450980186462402	52.54901885986328	
2021-05-28 17:33:04.687	49.80392074584961	63.0	-3.125	-1.5625	57.0	796.75	0.0	10.0	28.0	17.254901885986328	55.0	-2.34375	805.0	99.21875	0.04888888821005821	0.0	1.5686274766921997	90.98039245605469	3647.0	90.0	489.8999938964844	12.807999610900879	29.80392074584961	100.5096435546875	27.0	8.235294342041016	52.54901885986328	
2021-05-28 17:33:07.268	51.764705657958984	63.0	-1.5625	-1.5625	54.0	840.25	0.0	15.0	28.0	17.647058486938477	805.0	-3.90625	815.0	99.21875	0.049444444477558136	0.0	1.9607843160629272	87.45098114013672	3647.0	90.0	488.0	12.833999633789062	33.33333206176758	101.8829345703125	27.0	8.627450942993164	52.54901885986328	
2021-05-28 17:33:11.767	52.156864166259766	64.0	3.125	-1.5625	55.0	889.25	0.0	6.0	28.0	18.039215087890625	50.0	1.5625	780.0	99.21875	0.050833333283662796	0.0	2.3529412746429443	90.19607543945312	3647.0	90.0	483.1000061035156	12.807999610900879	32.94117736816406	97.113037109375	27.0	9.411765098571777	52.54901885986328	
2021-05-28 17:33:14.048	96.86274719238281	64.0	6.25	-0.78125	89.0	1571.5	0.0	6.5	28.0	21.568628311157227	65.0	3.90625	95.0	99.21875	0.05138888955116272	0.0	2.3529412746429443	87.45098114013672	3647.0	90.0	480.70001220703125	12.782999992370605	36.47058868408203	93.4814453125	27.0	25.098039627075195	52.54901885986328	
2021-05-28 17:33:16.272	65.49019622802734	64.0	-1.5625	-1.5625	60.0	1338.5	0.0	18.5	28.0	20.784313201904297	930.0	0.0	790.0	99.21875	0.05194444581866264	0.0	4.313725471496582	82.7450942993164	3647.0	90.0	481.20001220703125	12.732000350952148	47.843135833740234	97.174072265625	27.0	14.117647171020508	52.54901885986328	
2021-05-28 17:33:18.486	81.96078491210938	65.0	1.5625	-0.78125	86.0	1155.5	7.0	15.0	28.0	25.882352828979492	65.0	3.125	780.0	99.21875	0.05249999836087227	0.0	9.019607543945312	93.7254867553711	3647.0	90.0	482.70001220703125	12.807999610900879	58.039215087890625	99.8443603515625	27.0	23.921567916870117	52.54901885986328	
2021-05-28 17:33:20.893	81.17646789550781	65.0	4.6875	-3.125	77.0	3158.25	20.0	-2.5	27.0	19.60784339904785	860.0	0.0	780.0	99.21875	0.0533333346247673	0.0	42.35293960571289	87.45098114013672	3647.0	90.0	487.0	12.807999610900879	63.13725662231445	99.163818359375	27.0	41.17647171020508	52.54901885986328	
2021-05-28 17:33:23.319	95.29412078857422	66.0	-1.5625	-3.125	93.0	1871.0	20.0	13.5	27.0	74.90196228027344	0.0	0.0	75.0	99.21875	0.05388888716697693	0.0	0.0	87.8431396484375	3647.0	90.0	506.70001220703125	12.756999969482422	67.05882263183594	96.2310791015625	27.0	51.764705657958984	52.54901885986328	
2021-05-28 17:33:25.600	99.60784149169922	67.0	-4.6875	-3.125	86.0	1840.75	20.0	13.0	27.0	74.90196228027344	690.0	0.78125	800.0	99.21875	0.054722223430871964	0.0	0.0	98.03921508789062	3647.0	90.0	534.0	12.961000442504883	79.21568298339844	100.0701904296875	27.0	100.0	52.54901885986328	
2021-05-28 17:33:28.149	100.0	68.0	-3.125	-3.125	87.0	1847.0	20.0	14.5	27.0	74.90196228027344	840.0	-4.6875	825.0	99.21875	0.05527777597308159	0.0	0.0	80.39215850830078	3647.0	90.0	564.0	13.725000381469727	81.96078491210938	105.755615234375	27.0	100.0	52.54901885986328	
2021-05-28 17:33:30.400	97.64705657958984	69.0	-1.5625	-3.125	92.0	1916.0	21.0	15.5	27.0	54.90196228027344	810.0	-5.46875	850.0	99.21875	0.05583333224058151	0.0	30.980392456054688	85.09803771972656	3647.0	90.0	582.0999755859375	14.28499984741211	79.60784149169922	105.33447265625	27.0	87.05882263183594	52.54901885986328	
2021-05-28 17:33:32.620	93.7254867553711	70.0	1.5625	-3.125	85.0	2054.0	23.0	15.0	27.0	47.05882263183594	120.0	-1.5625	850.0	99.21875	0.05666666850447655	0.0	69.01960754394531	80.0	3647.0	90.0	594.0999755859375	14.28499984741211	73.7254867553711	98.846435546875	27.0	54.509803771972656	52.54901885986328	
2021-05-28 17:33:34.838	93.7254867553711	71.0	-2.34375	-1.5625	69.0	2152.75	24.0	2.5	26.0	18.823530197143555	470.0	1.5625	845.0	99.21875	0.05722222104668617	0.0	92.1568603515625	87.45098114013672	3647.0	90.0	603.9000244140625	14.38700008392334	74.50980377197266	99.444580078125	27.0	56.86274337768555	52.54901885986328	
2021-05-28 17:33:37.088	86.2745132446289	72.0	-3.125	0.0	85.0	1225.5	21.0	11.0	27.0	35.29411697387695	950.0	0.0	850.0	99.21875	0.057777777314186096	0.0	0.0	87.45098114013672	3647.0	90.0	608.2000122070312	14.437999725341797	59.60784149169922	103.2745361328125	27.0	32.156864166259766	52.54901885986328	
2021-05-28 17:33:39.342	96.07843017578125	72.0	-3.125	1.5625	85.0	1188.75	21.0	9.5	27.0	38.039215087890625	565.0	-5.46875	855.0	99.21875	0.05833333358168602	0.0	0.0	93.7254867553711	3647.0	90.0	609.5999755859375	14.361000061035156	70.5882339477539	106.0211181640625	27.0	61.568626403808594	52.54901885986328	
2021-05-28 17:33:41.625	95.29412078857422	73.0	-3.125	1.5625	91.0	1278.25	22.0	11.5	27.0	38.431373596191406	100.0	-4.6875	870.0	99.21875	0.058888889849185944	0.0	28.627450942993164	80.0	3647.0	90.0	609.4000244140625	14.411999702453613	71.37255096435547	101.9561767578125	27.0	40.7843132019043	52.54901885986328	
2021-05-28 17:33:43.870	59.2156867980957	73.0	-3.125	-1.5625	64.0	1357.25	23.0	18.5	27.0	20.0	90.0	-3.90625	875.0	99.21875	0.05972222238779068	0.0	69.80392456054688	82.35294342041016	3647.0	90.0	608.2999877929688	14.336000442504883	69.80392456054688	98.64501953125	27.0	18.039215087890625	52.54901885986328	
2021-05-28 17:33:46.360	94.11764526367188	74.0	-5.46875	1.5625	90.0	1471.5	25.0	12.5	27.0	24.705883026123047	865.0	-6.25	875.0	99.21875	0.060277778655290604	0.0	22.745098114013672	82.7450942993164	3648.0	90.0	606.7000122070312	14.055999755859375	44.70588302612305	103.2867431640625	27.0	34.90196228027344	52.54901885986328	
2021-05-28 17:33:48.609	85.88235473632812	75.0	-2.34375	2.34375	85.0	1640.75	28.0	13.0	27.0	39.2156867980957	835.0	-6.25	905.0	99.21875	0.06111111119389534	0.0	40.7843132019043	87.8431396484375	3648.0	90.0	603.7999877929688	13.036999702453613	30.980392456054688	104.1107177734375	27.0	19.60784339904785	52.54901885986328	
2021-05-28 17:33:51.188	78.82353210449219	75.0	-2.34375	1.5625	74.0	2012.25	34.0	28.0	27.0	25.098039627075195	215.0	-1.5625	895.0	99.21875	0.061666667461395264	0.0	99.21568298339844	73.33333587646484	3648.0	90.0	601.7999877929688	12.807999610900879	65.09803771972656	99.2462158203125	27.0	42.74509811401367	52.54901885986328	
2021-05-28 17:33:53.444	39.60784149169922	76.0	-3.125	-1.5625	39.0	1982.75	35.0	1.5	27.0	16.078432083129883	645.0	-7.03125	880.0	99.21875	0.06222222372889519	0.0	67.45098114013672	82.7450942993164	3648.0	90.0	602.4000244140625	12.782999992370605	36.07843017578125	106.744384765625	27.0	12.941176414489746	52.54901885986328	
2021-05-28 17:33:55.750	30.58823585510254	77.0	-6.25	-1.5625	36.0	1323.5	18.0	8.0	27.0	16.47058868408203	895.0	-4.6875	875.0	99.21875	0.06305555254220963	0.0	54.90196228027344	76.47058868408203	3648.0	90.0	601.5999755859375	13.368000030517578	18.823530197143555	105.413818359375	27.0	7.450980186462402	52.54901885986328	
2021-05-28 17:33:58.027	77.64705657958984	77.0	-5.46875	-1.5625	80.0	1280.0	13.0	14.5	28.0	34.509803771972656	890.0	-7.03125	870.0	99.21875	0.06361111253499985	0.0	16.47058868408203	80.0	3648.0	90.0	598.2999877929688	14.208999633789062	23.13725471496582	106.2408447265625	27.0	20.784313201904297	52.54901885986328	
2021-05-28 17:34:00.278	89.80392456054688	77.0	0.0	0.0	90.0	1917.0	21.0	19.5	28.0	40.39215850830078	800.0	-10.15625	875.0	99.21875	0.06416666507720947	0.0	9.411765098571777	84.70587921142578	3648.0	90.0	595.5	13.520999908447266	64.70587921142578	103.3111572265625	27.0	41.17647171020508	52.54901885986328	
2021-05-28 17:34:02.530	29.019607543945312	78.0	0.0	-1.5625	66.0	1368.75	24.0	19.5	27.0	28.235294342041016	150.0	4.6875	865.0	99.21875	0.0647222250699997	0.0	8.627450942993164	98.03921508789062	3648.0	90.0	595.4000244140625	12.807999610900879	19.60784339904785	89.9993896484375	27.0	9.803921699523926	52.54901885986328	
2021-05-28 17:34:04.782	76.86274719238281	78.0	4.6875	1.5625	85.0	1459.5	25.0	15.5	27.0	28.235294342041016	925.0	0.0	100.0	99.21875	0.06555555760860443	0.0	0.0	97.64705657958984	3648.0	90.0	590.2000122070312	13.088000297546387	64.31372833251953	97.96142578125	27.0	29.80392074584961	52.54901885986328	
2021-05-28 17:34:07.029	59.60784149169922	79.0	-0.78125	-1.5625	54.0	1272.25	22.0	-5.5	27.0	18.823530197143555	850.0	-0.78125	855.0	99.21875	0.06611111015081406	0.0	0.0	93.7254867553711	3648.0	90.0	589.7999877929688	13.75	42.74509811401367	105.50537109375	27.0	14.509803771972656	52.54901885986328	
2021-05-28 17:34:09.308	43.92156982421875	79.0	-2.34375	-1.5625	44.0	875.0	7.0	-3.0	27.0	16.47058868408203	785.0	-3.125	855.0	99.21875	0.06666667014360428	0.0	6.274509906768799	76.07843017578125	3648.0	90.0	589.0	13.036999702453613	56.07843017578125	102.9052734375	27.0	5.882352828979492	52.54901885986328	
2021-05-28 17:34:11.559	66.66666412353516	80.0	0.78125	-2.34375	76.0	2289.5	3.0	21.5	27.0	34.117645263671875	45.0	-1.5625	855.0	99.21875	0.0672222226858139	0.0	5.098039150238037	87.45098114013672	3648.0	90.0	586.0	12.833999633789062	60.39215850830078	103.802490234375	27.0	29.019607543945312	52.54901885986328	
2021-05-28 17:34:13.808	100.0	80.0	0.78125	-1.5625	86.0	706.0	7.0	8.5	27.0	30.980392456054688	255.0	4.6875	855.0	99.21875	0.06805555522441864	0.0	19.60784339904785	87.45098114013672	3648.0	90.0	585.5	12.501999855041504	59.2156867980957	97.5738525390625	27.0	27.058822631835938	52.54901885986328	
2021-05-28 17:34:16.057	100.0	80.0	0.0	-1.5625	89.0	933.5	10.0	8.5	28.0	74.90196228027344	290.0	2.34375	845.0	99.21875	0.06805555522441864	0.0	0.0	93.7254867553711	3648.0	90.0	583.4000244140625	12.654999732971191	70.98039245605469	77.4566650390625	27.0	100.0	52.54901885986328	
2021-05-28 17:34:18.308	69.4117660522461	80.0	3.125	2.34375	91.0	1459.25	16.0	11.0	27.0	33.72549057006836	930.0	0.0	970.0	99.21875	0.06861110776662827	0.0	0.0	87.8431396484375	3648.0	90.0	576.7000122070312	12.807999610900879	65.49019622802734	94.8333740234375	27.0	38.431373596191406	52.54901885986328	
2021-05-28 17:34:20.586	84.70587921142578	81.0	3.90625	0.0	72.0	1998.0	22.0	34.5	27.0	22.745098114013672	890.0	2.34375	920.0	99.21875	0.06916666775941849	0.0	20.0	82.35294342041016	3648.0	90.0	575.7000122070312	12.782999992370605	67.45098114013672	99.4354248046875	27.0	43.13725662231445	52.54901885986328	
2021-05-28 17:34:22.847	61.568626403808594	82.0	1.5625	-0.78125	60.0	1864.75	20.0	1.0	27.0	20.784313201904297	715.0	1.5625	895.0	99.21875	0.06972222030162811	0.0	13.72549057006836	87.45098114013672	3648.0	90.0	578.4000244140625	13.368000030517578	37.25490188598633	96.5301513671875	27.0	18.431371688842773	52.54901885986328	
2021-05-28 17:34:25.088	83.92156982421875	82.0	0.78125	0.78125	85.0	1825.0	20.0	15.5	27.0	39.2156867980957	885.0	0.0	880.0	99.21875	0.07055555284023285	0.0	20.39215660095215	90.19607543945312	3648.0	90.0	579.2999877929688	14.131999969482422	58.039215087890625	104.8248291015625	27.0	41.568626403808594	52.54901885986328	
2021-05-28 17:34:27.190	66.66666412353516	83.0	-3.125	0.78125	88.0	1953.5	22.0	9.0	27.0	40.7843132019043	105.0	1.5625	870.0	99.21875	0.07111111283302307	0.0	82.7450942993164	85.09803771972656	3648.0	90.0	582.9000244140625	14.28499984741211	50.588233947753906	99.9237060546875	27.0	18.823530197143555	52.54901885986328	
2021-05-28 17:34:29.381	94.90196228027344	83.0	5.46875	-3.125	83.0	2302.75	25.0	4.0	27.0	17.647058486938477	90.0	-0.78125	870.0	99.21875	0.0716666653752327	0.0	90.5882339477539	87.8431396484375	3648.0	90.0	589.5999755859375	14.336000442504883	65.09803771972656	94.9951171875	27.0	48.235294342041016	52.54901885986328	
2021-05-28 17:34:31.628	93.7254867553711	84.0	-3.90625	0.78125	90.0	1336.25	23.0	10.0	27.0	35.686275482177734	0.0	0.0	860.0	99.21875	0.07222222536802292	0.0	0.0	82.35294342041016	3648.0	90.0	594.0999755859375	14.437999725341797	51.764705657958984	101.1932373046875	27.0	32.94117736816406	52.54901885986328	
2021-05-28 17:34:33.819	74.50980377197266	85.0	-3.125	1.5625	82.0	1548.5	27.0	16.0	27.0	30.58823585510254	125.0	-3.90625	830.0	99.21875	0.07277777791023254	0.0	0.0	80.39215850830078	3648.0	90.0	596.0	14.411999702453613	62.35293960571289	98.150634765625	27.0	27.843137741088867	52.54901885986328	
2021-05-28 17:34:36.072	51.764705657958984	85.0	-3.125	-1.5625	48.0	1636.75	28.0	-1.5	27.0	19.215686798095703	765.0	-0.78125	815.0	99.21875	0.07361111044883728	0.0	8.235294342041016	93.7254867553711	3648.0	90.0	597.2999877929688	14.336000442504883	40.0	107.3577880859375	27.0	14.117647171020508	52.54901885986328	
2021-05-28 17:34:38.361	29.80392074584961	86.0	-1.5625	-1.5625	30.0	1453.5	25.0	34.0	27.0	17.647058486938477	125.0	-0.78125	810.0	99.21875	0.0741666629910469	0.0	7.843137264251709	87.05882263183594	3648.0	90.0	597.2000122070312	14.208999633789062	21.960784912109375	98.4344482421875	27.0	7.843137264251709	52.54901885986328	
2021-05-28 17:34:40.867	50.98039245605469	86.0	-5.46875	-1.5625	51.0	1363.25	23.0	5.5	28.0	18.431371688842773	885.0	-2.34375	805.0	99.21875	0.07472222298383713	0.0	8.627450942993164	82.35294342041016	3648.0	90.0	594.2999877929688	14.3100004196167	30.19607925415039	104.1595458984375	27.0	11.764705657958984	52.54901885986328	
2021-05-28 17:34:43.087	30.19607925415039	86.0	-2.34375	-1.5625	31.0	1481.75	25.0	16.0	27.0	16.078432083129883	65.0	-1.5625	805.0	99.21875	0.07555555552244186	0.0	9.411765098571777	87.45098114013672	3648.0	90.0	591.2000122070312	14.28499984741211	22.352941513061523	99.432373046875	27.0	8.235294342041016	52.54901885986328	
2021-05-28 17:34:45.607	20.784313201904297	87.0	-3.90625	-1.5625	25.0	1657.25	28.0	28.0	28.0	16.078432083129883	895.0	-2.34375	805.0	99.21875	0.07611110806465149	0.0	9.803921699523926	90.19607543945312	3648.0	90.0	587.0999755859375	14.3100004196167	13.72549057006836	103.30810546875	27.0	5.882352828979492	52.54901885986328	
2021-05-28 17:34:47.859	21.176469802856445	87.0	0.0	-1.5625	36.0	1252.5	19.0	-2.5	28.0	17.254901885986328	875.0	-5.46875	820.0	99.21875	0.07666666805744171	0.0	0.0	82.35294342041016	3648.0	90.0	581.7999877929688	14.336000442504883	13.333333015441895	100.0	27.0	6.666666507720947	52.54901885986328	
2021-05-28 17:34:50.239	41.17647171020508	87.0	2.34375	-1.5625	49.0	1194.75	13.0	3.5	28.0	18.823530197143555	910.0	0.0	855.0	99.21875	0.07750000059604645	0.0	0.0	73.33333587646484	3648.0	90.0	577.0	14.3100004196167	24.3137264251709	98.2696533203125	27.0	9.411765098571777	52.54901885986328	
2021-05-28 17:34:52.658	33.72549057006836	87.0	-0.78125	-1.5625	33.0	1515.25	16.0	31.0	28.0	16.47058868408203	880.0	0.0	865.0	99.21875	0.07805555313825607	0.0	0.0	76.07843017578125	3648.0	90.0	572.7000122070312	14.3100004196167	25.098039627075195	96.8536376953125	27.0	9.803921699523926	52.54901885986328	
2021-05-28 17:34:54.906	24.3137264251709	87.0	-3.125	-1.5625	56.0	1576.0	17.0	22.5	28.0	22.745098114013672	860.0	-1.5625	865.0	99.21875	0.0786111131310463	0.0	3.9215686321258545	79.21568298339844	3648.0	90.0	568.5999755859375	14.361000061035156	15.686274528503418	101.8402099609375	27.0	7.058823585510254	52.54901885986328	
2021-05-28 17:34:57.157	61.960784912109375	87.0	1.5625	0.0	64.0	2040.75	22.0	17.5	28.0	21.568628311157227	410.0	-5.46875	865.0	99.21875	0.07944444566965103	0.0	5.882352828979492	82.7450942993164	3648.0	90.0	565.5999755859375	14.411999702453613	39.2156867980957	97.882080078125	27.0	18.823530197143555	52.54901885986328	
2021-05-28 17:34:59.377	32.94117736816406	88.0	0.0	-1.5625	50.0	1432.75	25.0	-1.5	28.0	18.823530197143555	205.0	1.5625	860.0	99.21875	0.07999999821186066	0.0	1.9607843160629272	82.35294342041016	3648.0	90.0	564.0999755859375	14.3100004196167	19.60784339904785	100.0	27.0	11.372549057006836	52.54901885986328	
2021-05-28 17:35:01.627	39.2156867980957	88.0	1.5625	-1.5625	43.0	1160.25	12.0	4.5	28.0	17.647058486938477	75.0	1.5625	850.0	99.21875	0.08055555820465088	0.0	1.9607843160629272	82.7450942993164	3648.0	90.0	562.5999755859375	14.336000442504883	29.019607543945312	95.8953857421875	27.0	9.411765098571777	52.54901885986328	
2021-05-28 17:35:03.910	71.37255096435547	88.0	1.5625	-1.5625	75.0	1339.75	14.0	13.5	28.0	22.745098114013672	60.0	3.125	845.0	99.21875	0.0811111107468605	0.0	7.843137264251709	80.0	3648.0	90.0	560.2000122070312	14.437999725341797	25.882352828979492	94.598388671875	27.0	9.019607543945312	52.54901885986328	
2021-05-28 17:35:06.158	40.0	88.0	-2.34375	-1.5625	35.0	1592.5	19.0	-6.5	28.0	17.254901885986328	880.0	-0.78125	835.0	99.21875	0.08194444328546524	0.0	9.411765098571777	82.35294342041016	3648.0	90.0	558.5	13.597000122070312	37.25490188598633	97.3419189453125	27.0	12.941176414489746	52.54901885986328	
2021-05-28 17:35:08.378	37.25490188598633	89.0	0.78125	-1.5625	39.0	1204.75	21.0	-6.0	28.0	16.078432083129883	830.0	0.78125	830.0	99.21875	0.08250000327825546	0.0	14.117647171020508	90.19607543945312	3648.0	90.0	556.5999755859375	12.807999610900879	26.66666603088379	99.7467041015625	27.0	7.843137264251709	52.54901885986328	
2021-05-28 17:35:10.627	27.058822631835938	89.0	-1.5625	-1.5625	31.0	1301.75	22.0	-3.5	28.0	16.078432083129883	870.0	1.5625	825.0	99.21875	0.08305555582046509	0.0	11.372549057006836	84.70587921142578	3648.0	90.0	553.7000122070312	13.088000297546387	17.647058486938477	100.5096435546875	27.0	6.274509906768799	52.54901885986328	
2021-05-28 17:35:12.878	31.372549057006836	89.0	-3.125	-1.5625	36.0	1052.75	18.0	7.5	28.0	16.47058868408203	885.0	-2.34375	825.0	99.21875	0.08361110836267471	0.0	11.372549057006836	82.7450942993164	3648.0	90.0	550.5	13.776000022888184	17.647058486938477	102.691650390625	27.0	6.666666507720947	52.54901885986328	
2021-05-28 17:35:15.131	87.05882263183594	89.0	-5.46875	-1.5625	77.0	911.25	16.0	10.0	29.0	23.13725471496582	775.0	-3.90625	820.0	99.21875	0.08444444090127945	0.0	6.666666507720947	87.45098114013672	3648.0	90.0	547.2000122070312	13.979000091552734	45.490196228027344	102.6519775390625	27.0	14.901960372924805	52.54901885986328	
2021-05-28 17:35:17.346	54.90196228027344	89.0	-0.78125	-1.5625	58.0	1446.5	25.0	32.5	28.0	19.215686798095703	795.0	-2.34375	820.0	99.21875	0.08500000089406967	0.0	6.666666507720947	81.96078491210938	3648.0	90.0	545.2999877929688	13.265999794006348	41.960784912109375	102.35595703125	27.0	12.941176414489746	52.54901885986328	
2021-05-28 17:35:19.598	27.058822631835938	90.0	0.0	-1.5625	31.0	1667.75	29.0	6.5	28.0	16.47058868408203	55.0	0.78125	815.0	99.21875	0.0855555534362793	0.0	7.450980186462402	80.0	3648.0	90.0	543.2999877929688	12.833999633789062	21.960784912109375	96.37451171875	27.0	8.627450942993164	52.54901885986328	
2021-05-28 17:35:21.847	25.490196228027344	90.0	-1.5625	-1.5625	32.0	1183.5	16.0	8.5	28.0	16.86274528503418	850.0	0.0	815.0	99.21875	0.08611111342906952	0.0	0.0	79.21568298339844	3648.0	90.0	540.7000122070312	12.782999992370605	15.29411792755127	100.8331298828125	27.0	6.666666507720947	52.54901885986328	
2021-05-28 17:35:24.068	37.64706039428711	90.0	-0.78125	-1.5625	42.0	1080.75	13.0	3.5	29.0	17.254901885986328	870.0	-2.34375	815.0	99.21875	0.08694444596767426	0.0	0.0	79.21568298339844	3648.0	90.0	537.5	13.036999702453613	21.960784912109375	100.9002685546875	27.0	8.627450942993164	52.54901885986328	
2021-05-28 17:35:26.709	32.156864166259766	90.0	4.6875	-1.5625	35.0	1212.5	17.0	-4.5	29.0	16.078432083129883	60.0	0.78125	810.0	99.21875	0.08749999850988388	0.0	1.5686274766921997	93.7254867553711	3648.0	90.0	534.4000244140625	13.902999877929688	25.490196228027344	96.6766357421875	27.0	7.843137264251709	52.54901885986328	
2021-05-28 17:35:28.963	41.17647171020508	90.0	0.78125	-1.5625	59.0	942.0	10.0	14.0	29.0	20.784313201904297	895.0	2.34375	810.0	99.21875	0.0880555585026741	0.0	3.529411792755127	79.21568298339844	3648.0	90.0	531.0999755859375	14.234000205993652	18.431371688842773	98.333740234375	27.0	9.019607543945312	52.54901885986328	
2021-05-28 17:35:31.566	80.0	90.0	-0.78125	0.0	84.0	1451.25	16.0	13.5	29.0	38.039215087890625	810.0	-0.78125	810.0	99.21875	0.08888889104127884	0.0	3.529411792755127	80.0	3648.0	90.0	528.5999755859375	13.571999549865723	55.686275482177734	103.1768798828125	27.0	12.15686321258545	52.54901885986328	
2021-05-28 17:35:33.822	95.29412078857422	89.0	6.25	-2.34375	85.0	2258.0	25.0	19.5	28.0	18.823530197143555	535.0	2.34375	805.0	99.21875	0.08944444358348846	0.0	26.66666603088379	82.35294342041016	3648.0	90.0	529.2999877929688	12.782999992370605	65.09803771972656	97.747802734375	27.0	47.45098114013672	52.54901885986328	
2021-05-28 17:35:36.006	37.25490188598633	88.0	0.0	-1.5625	45.0	1500.0	25.0	21.0	28.0	21.176469802856445	50.0	0.0	805.0	99.21875	0.0902777761220932	0.0	0.0	70.19607543945312	3648.0	90.0	535.5999755859375	12.782999992370605	20.0	89.9993896484375	27.0	8.627450942993164	52.54901885986328	
2021-05-28 17:35:38.227	45.882354736328125	88.0	3.90625	-1.5625	51.0	1637.0	28.0	35.0	28.0	18.431371688842773	910.0	0.0	120.0	99.21875	0.09083333611488342	0.0	0.0	90.5882339477539	3648.0	90.0	534.0	12.859000205993652	37.25490188598633	97.79052734375	27.0	13.333333015441895	52.54901885986328	
2021-05-28 17:35:40.446	23.921567916870117	88.0	0.0	-1.5625	27.0	1734.5	30.0	20.0	28.0	16.47058868408203	875.0	6.25	180.0	99.21875	0.09138888865709305	0.0	0.0	87.45098114013672	3648.0	90.0	534.0999755859375	13.571999549865723	18.039215087890625	98.712158203125	27.0	7.843137264251709	52.54901885986328	
2021-05-28 17:35:42.635	21.176469802856445	88.0	0.0	-1.5625	25.0	1531.25	26.0	7.0	28.0	16.078432083129883	860.0	-0.78125	215.0	99.21875	0.09194444119930267	0.0	0.0	85.09803771972656	3648.0	90.0	532.4000244140625	14.208999633789062	13.72549057006836	100.0	27.0	7.450980186462402	52.54901885986328	
2021-05-28 17:35:44.856	37.64706039428711	88.0	-0.78125	-1.5625	41.0	1263.75	22.0	5.0	28.0	17.647058486938477	15.0	0.0	405.0	99.21875	0.0925000011920929	0.0	0.0	79.21568298339844	3648.0	90.0	528.5	14.3100004196167	17.647058486938477	100.0	27.0	12.15686321258545	52.54901885986328	
2021-05-28 17:35:47.106	41.568626403808594	88.0	1.5625	-1.5625	47.0	1054.75	15.0	2.0	29.0	17.647058486938477	840.0	-1.5625	695.0	99.21875	0.09333333373069763	0.0	0.0	85.09803771972656	3648.0	90.0	526.0999755859375	14.260000228881836	25.098039627075195	98.91357421875	27.0	9.411765098571777	52.54901885986328	
2021-05-28 17:35:49.358	27.058822631835938	88.0	2.34375	-1.5625	30.0	1620.25	17.0	37.0	28.0	16.078432083129883	85.0	3.125	690.0	99.21875	0.09388888627290726	0.0	0.0	99.21568298339844	3648.0	90.0	523.7000122070312	14.411999702453613	25.098039627075195	94.2474365234375	27.0	7.843137264251709	52.54901885986328	
2021-05-28 17:35:51.636	21.568628311157227	88.0	0.0	-1.5625	25.0	1893.0	21.0	8.0	28.0	17.254901885986328	875.0	1.5625	690.0	99.21875	0.09444444626569748	0.0	0.0	82.7450942993164	3648.0	90.0	521.0999755859375	14.38700008392334	12.941176414489746	99.0142822265625	27.0	7.843137264251709	52.54901885986328	
2021-05-28 17:35:53.888	43.92156982421875	88.0	2.34375	-1.5625	31.0	1951.0	25.0	2.0	29.0	19.215686798095703	10.0	0.0	720.0	99.21875	0.0949999988079071	0.0	0.0	84.70587921142578	3648.0	90.0	516.9000244140625	14.336000442504883	26.66666603088379	100.03662109375	27.0	14.509803771972656	52.54901885986328	
2021-05-28 17:35:56.106	31.372549057006836	88.0	0.0	-1.5625	32.0	1700.25	29.0	29.5	29.0	16.47058868408203	930.0	0.0	25.0	99.21875	0.09583333134651184	0.0	0.0	80.0	3648.0	90.0	513.7000122070312	14.38700008392334	25.490196228027344	89.9993896484375	27.0	10.196078300476074	52.54901885986328	
2021-05-28 17:35:58.357	21.568628311157227	88.0	-2.34375	-1.5625	25.0	1831.75	31.0	16.0	29.0	17.254901885986328	915.0	0.0	150.0	99.21875	0.09638889133930206	0.0	0.0	82.7450942993164	3648.0	90.0	510.20001220703125	14.361000061035156	13.333333015441895	101.2847900390625	27.0	8.235294342041016	52.54901885986328	
2021-05-28 17:36:00.578	21.568628311157227	89.0	0.0	-1.5625	31.0	1742.0	31.0	14.5	29.0	17.647058486938477	800.0	-3.125	175.0	99.21875	0.09694444388151169	0.0	0.0	85.09803771972656	3648.0	90.0	508.29998779296875	14.336000442504883	13.72549057006836	104.998779296875	27.0	8.627450942993164	52.54901885986328	
2021-05-28 17:36:02.833	34.90196228027344	89.0	3.90625	-1.5625	40.0	1218.0	17.0	7.0	29.0	17.647058486938477	860.0	0.0	215.0	99.21875	0.09749999642372131	0.0	0.0	82.35294342041016	3648.0	90.0	505.70001220703125	14.3100004196167	21.176469802856445	99.0814208984375	27.0	9.411765098571777	52.54901885986328	
2021-05-28 17:36:05.504	40.7843132019043	89.0	3.125	-1.5625	48.0	1109.0	8.0	16.0	29.0	19.215686798095703	845.0	-0.78125	425.0	99.21875	0.09833333641290665	0.0	0.0	76.07843017578125	3648.0	90.0	504.1000061035156	14.38700008392334	25.098039627075195	97.5189208984375	27.0	9.803921699523926	52.54901885986328	
2021-05-28 17:36:07.835	85.88235473632812	89.0	0.0	-0.78125	90.0	1355.75	15.0	14.0	29.0	36.86274337768555	895.0	6.25	705.0	99.21875	0.09888888895511627	0.0	0.0	85.09803771972656	3648.0	90.0	502.8999938964844	14.260000228881836	48.235294342041016	97.393798828125	27.0	19.60784339904785	52.54901885986328	
2021-05-28 17:36:10.207	46.66666793823242	89.0	3.125	-1.5625	44.0	1635.5	18.0	-5.5	28.0	16.86274528503418	65.0	1.5625	730.0	99.21875	0.09972222149372101	0.0	0.0	85.09803771972656	3648.0	90.0	504.3999938964844	13.1899995803833	40.0	100.750732421875	27.0	14.117647171020508	52.54901885986328	
2021-05-28 17:36:12.636	88.62744903564453	89.0	1.5625	1.5625	90.0	1774.5	20.0	15.0	29.0	39.2156867980957	745.0	5.46875	715.0	99.21875	0.10027778148651123	0.0	0.0	84.70587921142578	3648.0	90.0	506.5	12.807999610900879	43.13725662231445	98.7579345703125	27.0	34.90196228027344	52.54901885986328	
2021-05-28 17:36:14.887	70.5882339477539	90.0	2.34375	-2.34375	80.0	2751.5	31.0	28.0	28.0	28.627450942993164	85.0	0.0	765.0	99.21875	0.10083333402872086	0.0	0.0	97.2549057006836	3648.0	90.0	515.0	12.986000061035156	53.72549057006836	97.857666015625	27.0	30.980392456054688	52.54901885986328	
2021-05-28 17:36:17.140	85.09803771972656	90.0	0.0	0.0	90.0	1964.25	34.0	7.0	28.0	41.17647171020508	840.0	1.5625	755.0	99.21875	0.10166666656732559	0.0	0.0	87.45098114013672	3648.0	90.0	528.5	13.699000358581543	35.686275482177734	89.9993896484375	27.0	28.627450942993164	52.54901885986328	
2021-05-28 17:36:19.328	59.60784149169922	90.0	3.90625	-0.78125	64.0	1791.25	30.0	32.5	28.0	22.745098114013672	155.0	3.125	655.0	99.21875	0.10222221910953522	0.0	0.0	93.7254867553711	3648.0	90.0	539.0999755859375	14.411999702453613	63.13725662231445	95.037841796875	27.0	21.568628311157227	52.54901885986328	
2021-05-28 17:36:21.575	92.94117736816406	91.0	3.125	-0.78125	85.0	969.75	16.0	7.5	28.0	32.156864166259766	870.0	6.25	740.0	99.21875	0.10277777910232544	0.0	0.0	76.07843017578125	3648.0	90.0	545.0999755859375	14.28499984741211	36.47058868408203	95.782470703125	27.0	21.568628311157227	52.54901885986328	
2021-05-28 17:36:23.825	98.03921508789062	91.0	-3.90625	2.34375	85.0	1280.75	8.0	11.0	28.0	24.705883026123047	835.0	-1.5625	775.0	99.21875	0.10333333164453506	0.0	0.0	76.07843017578125	3648.0	90.0	547.0999755859375	14.182999610900879	39.2156867980957	101.318359375	27.0	30.58823585510254	52.54901885986328	
2021-05-28 17:36:26.044	80.39215850830078	91.0	1.5625	0.78125	89.0	2025.0	13.0	17.5	28.0	42.35293960571289	95.0	-1.5625	820.0	99.21875	0.10388889163732529	0.0	0.0	93.7254867553711	3648.0	90.0	549.0	13.265999794006348	60.0	99.041748046875	27.0	34.117645263671875	52.54901885986328	
2021-05-28 17:36:28.296	24.3137264251709	91.0	0.0	-1.5625	45.0	2662.5	19.0	14.0	27.0	32.54901885986328	65.0	3.125	835.0	99.21875	0.10472222417593002	0.0	0.0	97.64705657958984	3648.0	90.0	560.2999877929688	12.782999992370605	56.47058868408203	104.998779296875	27.0	12.15686321258545	52.54901885986328	
2021-05-28 17:36:30.546	52.156864166259766	89.0	0.0	-1.5625	42.0	1973.75	21.0	0.0	27.0	19.215686798095703	900.0	0.0	145.0	99.21875	0.10527777671813965	0.0	0.0	80.0	3648.0	90.0	563.7999877929688	12.90999984741211	39.2156867980957	96.81396484375	27.0	15.686274528503418	52.54901885986328	
2021-05-28 17:36:32.798	85.88235473632812	89.0	5.46875	0.78125	85.0	1422.5	16.0	11.0	28.0	38.039215087890625	820.0	6.25	300.0	99.21875	0.10583333671092987	0.0	0.0	82.7450942993164	3648.0	90.0	567.0	13.597000122070312	23.13725471496582	95.672607421875	27.0	16.47058868408203	52.54901885986328	
2021-05-28 17:36:35.020	96.07843017578125	89.0	2.34375	-1.5625	90.0	2129.0	24.0	18.0	28.0	43.92156982421875	780.0	-1.5625	840.0	99.21875	0.1063888892531395	0.0	0.0	85.09803771972656	3648.0	90.0	570.2999877929688	14.28499984741211	68.62744903564453	102.2369384765625	27.0	46.66666793823242	52.54901885986328	
2021-05-28 17:36:37.272	78.4313735961914	89.0	0.0	1.5625	85.0	1529.25	27.0	6.5	27.0	37.64706039428711	815.0	7.8125	850.0	99.21875	0.10722222179174423	0.0	0.0	87.45098114013672	3649.0	90.0	578.2000122070312	14.28499984741211	25.098039627075195	89.9993896484375	27.0	36.86274337768555	52.54901885986328	
2021-05-28 17:36:39.548	90.98039245605469	89.0	-3.125	-0.78125	85.0	1827.25	31.0	14.5	27.0	41.17647171020508	825.0	-3.90625	770.0	99.21875	0.10777777433395386	0.0	0.0	93.7254867553711	3649.0	90.0	580.9000244140625	14.361000061035156	73.7254867553711	105.657958984375	27.0	44.70588302612305	52.54901885986328	
2021-05-28 17:36:41.914	93.7254867553711	90.0	3.90625	-2.34375	85.0	2095.25	36.0	19.5	27.0	42.74509811401367	95.0	-1.5625	810.0	99.21875	0.10833333432674408	0.0	0.0	76.47058868408203	3649.0	90.0	588.7000122070312	14.336000442504883	63.92156982421875	96.4813232421875	27.0	47.45098114013672	52.54901885986328	
2021-05-28 17:36:44.166	94.50980377197266	90.0	-3.125	2.34375	85.0	1553.25	37.0	7.5	27.0	39.2156867980957	745.0	5.46875	810.0	99.21875	0.1088888868689537	0.0	28.627450942993164	80.0	3649.0	90.0	595.7000122070312	14.38700008392334	24.705883026123047	98.9898681640625	26.0	34.117645263671875	52.54901885986328	
2021-05-28 17:36:46.716	100.0	91.0	-0.78125	-0.78125	92.0	1655.75	39.0	11.5	27.0	46.27450942993164	840.0	-3.90625	775.0	99.21875	0.10972221940755844	0.0	0.0	82.7450942993164	3649.0	90.0	600.2999877929688	14.361000061035156	75.29412078857422	104.0191650390625	26.0	49.80392074584961	52.54901885986328	
2021-05-28 17:36:48.966	99.60784149169922	91.0	-5.46875	-2.34375	81.0	1792.25	43.0	4.5	27.0	22.745098114013672	725.0	3.90625	765.0	99.21875	0.11027777940034866	0.0	0.0	90.5882339477539	3649.0	90.0	608.0	14.38700008392334	78.03921508789062	101.9439697265625	25.0	48.6274528503418	52.54901885986328	
2021-05-28 17:36:51.552	37.25490188598633	91.0	0.78125	-1.5625	34.0	1780.75	43.0	-2.5	27.0	16.86274528503418	700.0	-7.03125	760.0	99.21875	0.11083333194255829	0.0	0.0	82.7450942993164	3649.0	90.0	611.5	14.361000061035156	29.019607543945312	101.0772705078125	25.0	11.764705657958984	52.54901885986328	
2021-05-28 17:36:53.796	24.705883026123047	90.0	0.0	-1.5625	60.0	1787.0	40.0	21.5	28.0	32.94117736816406	865.0	-2.34375	740.0	99.21875	0.11166666448116302	0.0	0.0	80.0	3649.0	90.0	610.2000122070312	14.336000442504883	13.333333015441895	100.0	25.0	6.666666507720947	52.54901885986328	
2021-05-28 17:36:56.054	85.49019622802734	89.0	2.34375	-0.78125	85.0	1902.5	45.0	17.0	28.0	27.058822631835938	870.0	-0.78125	765.0	99.21875	0.11222222447395325	0.0	0.0	87.45098114013672	3649.0	90.0	608.0999755859375	14.361000061035156	66.2745132446289	102.18505859375	25.0	43.13725662231445	52.54901885986328	
2021-05-28 17:36:58.295	41.568626403808594	88.0	2.34375	-1.5625	38.0	1949.25	46.0	-0.5	27.0	18.823530197143555	855.0	2.34375	830.0	99.21875	0.11305555701255798	0.0	5.490196228027344	76.47058868408203	3649.0	90.0	609.0	14.411999702453613	32.94117736816406	98.98681640625	25.0	13.72549057006836	52.54901885986328	
2021-05-28 17:37:00.545	21.568628311157227	89.0	0.0	-1.5625	26.0	1739.0	41.0	8.0	28.0	16.47058868408203	845.0	0.0	825.0	99.21875	0.11361110955476761	0.0	0.0	79.21568298339844	3649.0	90.0	608.7000122070312	14.336000442504883	14.509803771972656	100.9002685546875	25.0	7.450980186462402	52.54901885986328	
2021-05-28 17:37:02.893	20.784313201904297	89.0	0.0	-1.5625	25.0	1614.25	38.0	6.5	28.0	16.078432083129883	20.0	0.0	825.0	99.21875	0.11416666954755783	0.0	0.0	82.7450942993164	3649.0	90.0	604.0	14.361000061035156	13.72549057006836	89.9993896484375	25.0	6.666666507720947	52.54901885986328	
2021-05-28 17:37:05.172	20.39215660095215	89.0	0.0	-1.5625	24.0	1429.75	34.0	5.0	28.0	15.686274528503418	0.0	0.0	0.0	99.21875	0.11472222208976746	0.0	0.0	82.35294342041016	3649.0	90.0	595.5	14.361000061035156	12.941176414489746	89.9993896484375	25.0	6.274509906768799	52.54901885986328	
2021-05-28 17:37:07.415	34.90196228027344	90.0	0.0	-1.5625	38.0	1122.25	31.0	8.5	29.0	16.86274528503418	25.0	0.0	0.0	99.21875	0.11555555462837219	0.0	0.0	73.33333587646484	3649.0	90.0	585.9000244140625	14.336000442504883	18.823530197143555	89.9993896484375	25.0	8.235294342041016	52.54901885986328	
2021-05-28 17:37:09.669	39.2156867980957	90.0	0.0	-1.5625	45.0	910.25	27.0	8.0	29.0	16.86274528503418	895.0	0.0	100.0	99.21875	0.11611111462116241	0.0	0.0	80.0	3649.0	90.0	577.2999877929688	14.336000442504883	24.705883026123047	89.9993896484375	25.0	8.235294342041016	52.54901885986328	
2021-05-28 17:37:11.954	47.45098114013672	90.0	2.34375	-1.5625	50.0	926.0	20.0	1.0	29.0	17.254901885986328	880.0	0.0	135.0	99.21875	0.11666666716337204	0.0	0.0	70.5882339477539	3649.0	90.0	568.9000244140625	14.38700008392334	29.019607543945312	98.0316162109375	25.0	9.411765098571777	52.54901885986328	
2021-05-28 17:37:14.196	71.76470947265625	90.0	0.0	1.5625	76.0	2094.75	23.0	22.5	30.0	28.627450942993164	645.0	3.90625	155.0	99.21875	0.11722221970558167	0.0	0.0	76.47058868408203	3649.0	90.0	562.7999877929688	14.361000061035156	29.019607543945312	96.7529296875	25.0	19.60784339904785	52.54901885986328	
2021-05-28 17:37:16.445	37.64706039428711	90.0	0.0	-1.5625	27.0	1827.5	27.0	-2.5	29.0	21.176469802856445	790.0	-0.78125	775.0	99.21875	0.1180555522441864	0.0	7.843137264251709	80.0	3649.0	90.0	558.5999755859375	14.38700008392334	39.2156867980957	102.1240234375	25.0	16.86274528503418	52.54901885986328	
2021-05-28 17:37:18.666	36.07843017578125	90.0	0.0	-1.5625	35.0	1710.25	30.0	-2.0	29.0	17.254901885986328	940.0	0.0	515.0	99.21875	0.11861111223697662	0.0	0.0	87.45098114013672	3649.0	90.0	554.7999877929688	14.28499984741211	26.66666603088379	89.9993896484375	25.0	11.372549057006836	52.54901885986328	
2021-05-28 17:37:20.921	32.94117736816406	90.0	-1.5625	-1.5625	36.0	1290.25	20.0	4.5	29.0	17.254901885986328	895.0	0.0	680.0	99.21875	0.11916666477918625	0.0	0.0	80.39215850830078	3649.0	90.0	550.0	14.361000061035156	18.823530197143555	100.0	25.0	9.019607543945312	52.54901885986328	
2021-05-28 17:37:23.169	39.2156867980957	90.0	0.78125	-1.5625	46.0	964.0	12.0	3.0	29.0	17.254901885986328	795.0	-2.34375	780.0	99.21875	0.11972222477197647	0.0	0.0	80.39215850830078	3649.0	90.0	547.0	14.38700008392334	23.921567916870117	100.48828125	25.0	8.627450942993164	52.54901885986328	
2021-05-28 17:37:25.714	44.70588302612305	90.0	1.5625	-1.5625	49.0	923.75	11.0	-0.5	29.0	17.254901885986328	765.0	-3.125	780.0	99.21875	0.12055555731058121	0.0	0.0	80.0	3649.0	90.0	543.2999877929688	14.3100004196167	28.627450942993164	99.0570068359375	25.0	8.627450942993164	52.54901885986328	
2021-05-28 17:37:27.964	43.92156982421875	90.0	2.34375	-1.5625	49.0	928.0	18.0	1.0	29.0	17.254901885986328	465.0	3.125	785.0	99.21875	0.12111110985279083	0.0	0.0	73.7254867553711	3649.0	90.0	539.0999755859375	14.336000442504883	27.45098114013672	98.47412109375	25.0	8.627450942993164	52.54901885986328	
2021-05-28 17:37:30.366	44.313724517822266	90.0	-2.34375	-1.5625	52.0	905.0	15.0	-0.5	29.0	17.254901885986328	785.0	-1.5625	785.0	99.21875	0.12166666984558105	0.0	0.0	76.47058868408203	3649.0	90.0	534.9000244140625	14.182999610900879	29.41176414489746	97.42431640625	25.0	8.627450942993164	52.54901885986328	
2021-05-28 17:37:32.768	45.09803771972656	90.0	0.0	-1.5625	49.0	910.0	0.0	2.5	30.0	17.254901885986328	750.0	-1.5625	785.0	99.21875	0.12250000238418579	0.0	5.490196228027344	85.09803771972656	3649.0	90.0	530.5	14.38700008392334	29.019607543945312	101.0009765625	25.0	8.627450942993164	52.54901885986328	
2021-05-28 17:37:35.014	44.70588302612305	90.0	2.34375	-1.5625	49.0	930.5	0.0	0.0	30.0	17.254901885986328	75.0	0.78125	780.0	99.21875	0.12305555492639542	0.0	5.882352828979492	80.0	3649.0	90.0	526.4000244140625	14.411999702453613	29.019607543945312	97.98583984375	25.0	8.627450942993164	52.54901885986328	
2021-05-28 17:37:37.266	44.313724517822266	89.0	1.5625	-1.5625	49.0	923.75	0.0	2.5	30.0	17.254901885986328	845.0	3.125	780.0	99.21875	0.12388888746500015	0.0	6.666666507720947	73.33333587646484	3649.0	90.0	522.7000122070312	14.437999725341797	28.627450942993164	99.7406005859375	25.0	8.627450942993164	52.54901885986328	
2021-05-28 17:37:39.515	44.313724517822266	89.0	2.34375	-1.5625	48.0	923.75	0.0	-0.5	30.0	17.254901885986328	745.0	2.34375	780.0	99.21875	0.12444444745779037	0.0	6.274509906768799	79.21568298339844	3649.0	90.0	518.7999877929688	14.38700008392334	28.627450942993164	97.8302001953125	25.0	8.627450942993164	52.54901885986328	
2021-05-28 17:37:41.765	43.92156982421875	88.0	3.125	-1.5625	49.0	921.0	0.0	1.0	30.0	17.254901885986328	795.0	0.78125	775.0	99.21875	0.125	0.0	6.274509906768799	85.09803771972656	3649.0	90.0	515.2999877929688	14.28499984741211	28.627450942993164	97.4334716796875	25.0	8.627450942993164	52.54901885986328	
2021-05-28 17:37:44.017	49.411766052246094	88.0	1.5625	-1.5625	48.0	1221.5	6.0	-3.5	30.0	17.647058486938477	765.0	0.0	775.0	99.21875	0.12555555999279022	0.0	6.666666507720947	85.09803771972656	3649.0	90.0	511.70001220703125	14.361000061035156	34.117645263671875	96.4813232421875	25.0	10.980392456054688	52.54901885986328	
2021-05-28 17:37:46.236	35.29411697387695	88.0	0.0	-1.5625	43.0	986.25	10.0	13.0	30.0	21.568628311157227	175.0	3.90625	770.0	99.21875	0.12638889253139496	0.0	9.019607543945312	80.0	3649.0	90.0	509.0	14.28499984741211	22.352941513061523	99.0753173828125	25.0	7.450980186462402	52.54901885986328	
2021-05-28 17:37:48.456	47.45098114013672	88.0	1.5625	-1.5625	84.0	1124.5	11.0	-4.5	30.0	22.352941513061523	885.0	-1.5625	770.0	99.21875	0.126944437623024	0.0	0.0	84.70587921142578	3649.0	90.0	506.6000061035156	13.928000450134277	33.72549057006836	97.39990234375	25.0	18.039215087890625	52.54901885986328	
2021-05-28 17:37:50.705	43.52941131591797	88.0	3.125	-1.5625	42.0	1073.75	11.0	-12.0	29.0	16.47058868408203	875.0	-1.5625	765.0	99.21875	0.1274999976158142	0.0	0.0	73.33333587646484	3649.0	90.0	506.1000061035156	12.90999984741211	36.47058868408203	97.39990234375	25.0	7.058823585510254	52.54901885986328	
2021-05-28 17:37:52.958	56.07843017578125	88.0	-0.78125	-1.5625	45.0	1014.75	5.0	3.5	30.0	21.176469802856445	115.0	2.34375	765.0	99.21875	0.12805555760860443	0.0	7.058823585510254	87.45098114013672	3649.0	90.0	504.1000061035156	12.782999992370605	32.156864166259766	99.2584228515625	25.0	9.411765098571777	52.54901885986328	
2021-05-28 17:37:55.207	73.33333587646484	89.0	-0.78125	-1.5625	81.0	1129.75	4.0	15.0	30.0	31.764705657958984	55.0	0.78125	760.0	99.21875	0.12861111760139465	0.0	0.0	85.49019622802734	3649.0	90.0	502.29998779296875	12.782999992370605	30.980392456054688	98.5076904296875	25.0	14.117647171020508	52.54901885986328	
2021-05-28 17:37:57.460	81.96078491210938	89.0	-1.5625	-1.5625	59.0	1003.25	5.0	-7.5	30.0	16.86274528503418	790.0	-3.125	765.0	99.21875	0.1294444501399994	0.0	0.0	73.33333587646484	3649.0	90.0	502.20001220703125	12.756999969482422	49.01960754394531	97.91259765625	25.0	13.333333015441895	52.54901885986328	
2021-05-28 17:37:59.706	33.33333206176758	90.0	0.0	-1.5625	38.0	910.5	0.0	5.0	29.0	16.078432083129883	70.0	0.0	765.0	99.21875	0.12999999523162842	0.0	0.7843137383460999	79.21568298339844	3649.0	90.0	501.1000061035156	12.782999992370605	23.13725471496582	97.27783203125	25.0	5.882352828979492	52.54901885986328	
2021-05-28 17:38:01.990	40.0	90.0	0.0	-1.5625	50.0	800.25	0.0	14.5	30.0	16.86274528503418	810.0	-0.78125	765.0	99.21875	0.13055555522441864	0.0	1.5686274766921997	80.0	3649.0	90.0	498.8999938964844	12.782999992370605	21.960784912109375	101.2115478515625	25.0	7.450980186462402	52.54901885986328	
2021-05-28 17:38:04.277	86.2745132446289	90.0	-2.34375	-1.5625	63.0	1307.0	0.0	-13.5	30.0	16.86274528503418	825.0	-1.5625	760.0	99.21875	0.13111111521720886	0.0	0.7843137383460999	80.0	3649.0	90.0	496.29998779296875	12.553000450134277	41.17647171020508	99.0264892578125	25.0	14.901960372924805	52.54901885986328	
2021-05-28 17:38:06.820	42.35293960571289	90.0	0.78125	-1.5625	72.0	1220.25	1.0	4.0	30.0	19.215686798095703	55.0	0.0	765.0	99.21875	0.1316666603088379	0.0	0.0	94.11764526367188	3649.0	90.0	494.79998779296875	12.782999992370605	38.431373596191406	100.3387451171875	25.0	8.235294342041016	52.54901885986328	
2021-05-28 17:38:09.066	48.6274528503418	91.0	2.34375	-1.5625	49.0	1316.0	0.0	-6.5	29.0	17.254901885986328	735.0	-2.34375	760.0	99.21875	0.1322222203016281	0.0	1.9607843160629272	82.35294342041016	3649.0	90.0	493.70001220703125	12.756999969482422	45.09803771972656	97.113037109375	25.0	11.764705657958984	52.54901885986328	
2021-05-28 17:38:11.585	29.80392074584961	91.0	0.0	-1.5625	31.0	1128.5	0.0	7.0	29.0	15.686274528503418	825.0	3.90625	755.0	99.21875	0.13305555284023285	0.0	3.9215686321258545	87.45098114013672	3649.0	90.0	492.6000061035156	12.756999969482422	18.823530197143555	98.565673828125	25.0	6.274509906768799	52.54901885986328	
2021-05-28 17:38:13.839	31.372549057006836	90.0	1.5625	-1.5625	39.0	1129.75	0.0	14.0	30.0	35.686275482177734	835.0	-0.78125	755.0	99.21875	0.13361111283302307	0.0	3.9215686321258545	87.8431396484375	3649.0	90.0	490.20001220703125	12.756999969482422	19.215686798095703	99.40185546875	25.0	7.058823585510254	52.54901885986328	
2021-05-28 17:38:16.087	56.07843017578125	90.0	-0.78125	1.5625	64.0	2560.0	5.0	12.5	30.0	18.431371688842773	900.0	-1.5625	770.0	99.21875	0.1341666728258133	0.0	0.0	87.45098114013672	3649.0	90.0	490.20001220703125	12.807999610900879	44.313724517822266	97.412109375	25.0	21.568628311157227	52.54901885986328	
2021-05-28 17:38:18.275	79.60784149169922	89.0	2.34375	-1.5625	73.0	1353.0	8.0	22.0	30.0	23.13725471496582	845.0	0.78125	750.0	99.21875	0.13500000536441803	0.0	3.529411792755127	90.19607543945312	3649.0	90.0	494.70001220703125	12.732000350952148	32.54901885986328	97.9034423828125	25.0	16.47058868408203	52.54901885986328	
2021-05-28 17:38:20.526	21.960784912109375	89.0	5.46875	-1.5625	28.0	1295.75	7.0	9.5	29.0	21.568628311157227	70.0	0.78125	745.0	99.21875	0.13555555045604706	0.0	1.9607843160629272	99.21568298339844	3649.0	90.0	496.8999938964844	12.732000350952148	17.647058486938477	96.2646484375	25.0	6.274509906768799	52.54901885986328	
2021-05-28 17:38:22.774	59.60784149169922	89.0	3.90625	-0.78125	65.0	1907.0	11.0	10.5	30.0	22.745098114013672	855.0	5.46875	745.0	99.21875	0.13611111044883728	0.0	0.0	85.09803771972656	3649.0	90.0	497.20001220703125	12.756999969482422	42.74509811401367	97.8302001953125	25.0	18.039215087890625	52.54901885986328	
2021-05-28 17:38:25.025	26.66666603088379	90.0	0.0	-1.5625	29.0	1813.25	11.0	1.0	29.0	16.86274528503418	830.0	2.34375	740.0	99.21875	0.1366666704416275	0.0	0.0	85.09803771972656	3649.0	90.0	499.5	12.782999992370605	23.13725471496582	89.9993896484375	25.0	10.980392456054688	52.54901885986328	
2021-05-28 17:38:27.274	25.098039627075195	90.0	0.0	-1.5625	30.0	1194.25	12.0	8.0	30.0	16.86274528503418	940.0	0.0	110.0	99.21875	0.13750000298023224	0.0	0.0	82.35294342041016	3649.0	90.0	496.70001220703125	12.706000328063965	14.901960372924805	89.9993896484375	25.0	6.666666507720947	52.54901885986328	
2021-05-28 17:38:29.526	38.431373596191406	90.0	0.78125	-1.5625	42.0	1057.0	13.0	4.0	30.0	17.254901885986328	870.0	-0.78125	155.0	99.21875	0.13805556297302246	0.0	0.0	85.09803771972656	3649.0	90.0	494.70001220703125	13.394000053405762	22.745098114013672	99.5086669921875	25.0	8.235294342041016	52.54901885986328	
2021-05-28 17:38:31.803	43.13725662231445	90.0	4.6875	-1.5625	44.0	1182.5	6.0	3.0	30.0	17.647058486938477	90.0	2.34375	155.0	99.21875	0.1386111080646515	0.0	1.5686274766921997	80.0	3649.0	90.0	493.3999938964844	14.157999992370605	26.27450942993164	95.8404541015625	25.0	9.803921699523926	52.54901885986328	
2021-05-28 17:38:34.056	50.19607925415039	90.0	5.46875	-1.5625	51.0	1495.0	6.0	5.0	30.0	20.0	620.0	8.59375	165.0	99.21875	0.1391666680574417	0.0	3.529411792755127	80.0	3649.0	90.0	492.0	14.28499984741211	27.45098114013672	96.7132568359375	25.0	9.803921699523926	52.54901885986328	
2021-05-28 17:38:36.308	88.23529052734375	91.0	0.78125	-1.5625	81.0	1009.25	10.0	12.5	31.0	26.66666603088379	860.0	7.8125	175.0	99.21875	0.14000000059604645	0.0	0.0	80.39215850830078	3649.0	90.0	491.3999938964844	14.029999732971191	56.07843017578125	97.5341796875	25.0	16.078432083129883	52.54901885986328	
2021-05-28 17:38:38.555	60.39215850830078	91.0	1.5625	-1.5625	55.0	1522.0	17.0	38.0	30.0	18.431371688842773	885.0	-1.5625	215.0	99.21875	0.14055556058883667	0.0	0.0	85.09803771972656	3649.0	90.0	491.79998779296875	13.138999938964844	43.13725662231445	97.027587890625	25.0	16.078432083129883	52.54901885986328	
2021-05-28 17:38:41.074	26.66666603088379	91.0	2.34375	-1.5625	26.0	1520.0	17.0	23.0	30.0	15.686274528503418	55.0	3.125	365.0	99.21875	0.1411111056804657	0.0	1.5686274766921997	90.19607543945312	3649.0	90.0	491.8999938964844	12.807999610900879	19.60784339904785	98.2147216796875	25.0	7.843137264251709	52.54901885986328	
2021-05-28 17:38:43.325	29.80392074584961	91.0	1.5625	-1.5625	36.0	1203.75	9.0	5.0	30.0	17.647058486938477	855.0	5.46875	685.0	99.21875	0.14166666567325592	0.0	7.450980186462402	79.21568298339844	3649.0	90.0	490.20001220703125	13.138999938964844	18.039215087890625	97.25341796875	25.0	7.843137264251709	52.54901885986328	
2021-05-28 17:38:45.724	38.431373596191406	90.0	3.90625	-1.5625	43.0	1515.25	9.0	31.5	30.0	21.176469802856445	865.0	1.5625	680.0	99.21875	0.14249999821186066	0.0	0.0	84.70587921142578	3649.0	90.0	488.8999938964844	13.878000259399414	25.098039627075195	97.271728515625	25.0	11.764705657958984	52.54901885986328	
2021-05-28 17:38:48.183	44.313724517822266	90.0	3.125	-1.5625	43.0	1101.5	11.0	5.0	30.0	17.647058486938477	125.0	5.46875	735.0	99.21875	0.14305555820465088	0.0	0.0	80.0	3649.0	90.0	488.6000061035156	14.234000205993652	36.07843017578125	100.1953125	25.0	8.235294342041016	52.54901885986328	
2021-05-28 17:38:50.434	74.90196228027344	90.0	0.0	-1.5625	49.0	1236.5	9.0	-2.0	30.0	17.254901885986328	70.0	4.6875	720.0	99.21875	0.1436111181974411	0.0	5.882352828979492	85.09803771972656	3649.0	90.0	487.70001220703125	14.005000114440918	43.13725662231445	97.8607177734375	25.0	14.117647171020508	52.54901885986328	
2021-05-28 17:38:52.655	29.80392074584961	90.0	1.5625	-1.5625	51.0	1458.5	5.0	0.0	30.0	18.039215087890625	45.0	2.34375	725.0	99.21875	0.14444445073604584	0.0	7.843137264251709	85.09803771972656	3649.0	90.0	486.79998779296875	13.11400032043457	20.39215660095215	95.654296875	25.0	6.274509906768799	52.54901885986328	
2021-05-28 17:38:54.783	30.980392456054688	90.0	0.78125	-1.5625	36.0	1603.75	5.0	13.5	30.0	16.078432083129883	860.0	0.78125	725.0	99.21875	0.14499999582767487	0.0	8.627450942993164	79.21568298339844	3649.0	90.0	485.70001220703125	12.833999633789062	19.215686798095703	96.484375	25.0	9.803921699523926	52.54901885986328	
2021-05-28 17:38:57.034	35.686275482177734	90.0	0.0	-1.5625	38.0	1160.5	4.0	9.5	30.0	17.254901885986328	810.0	0.0	750.0	99.21875	0.1455555558204651	0.0	10.196078300476074	80.0	3649.0	90.0	484.70001220703125	12.782999992370605	18.431371688842773	97.42431640625	25.0	7.843137264251709	52.54901885986328	
2021-05-28 17:38:59.404	41.960784912109375	90.0	3.90625	-1.5625	45.0	1193.0	2.0	0.5	31.0	18.431371688842773	75.0	1.5625	750.0	99.21875	0.1461111158132553	0.0	10.588234901428223	87.45098114013672	3649.0	90.0	483.20001220703125	13.138999938964844	23.921567916870117	96.990966796875	25.0	9.803921699523926	52.54901885986328	
2021-05-28 17:39:01.775	40.39215850830078	90.0	4.6875	-1.5625	43.0	1179.75	0.0	2.0	31.0	17.254901885986328	70.0	5.46875	760.0	99.21875	0.14694444835186005	0.0	10.980392456054688	82.7450942993164	3649.0	90.0	482.0	13.878000259399414	29.019607543945312	91.2933349609375	25.0	9.411765098571777	52.54901885986328	
2021-05-28 17:39:04.060	37.25490188598633	90.0	1.5625	-1.5625	42.0	1062.5	0.0	5.0	31.0	17.254901885986328	860.0	3.90625	760.0	99.21875	0.14749999344348907	0.0	11.764705657958984	70.19607543945312	3649.0	90.0	480.8999938964844	14.28499984741211	23.52941131591797	97.509765625	25.0	8.235294342041016	52.54901885986328	
